,Time,Price,Volume_per_trade,Volume
0,2021-10-12 07:45:00,31400.0,600.0,757300.0
1,2021-10-12 07:45:00,31400.0,1000.0,756700.0
2,2021-10-12 07:45:00,31400.0,500.0,755700.0
3,2021-10-12 07:45:00,31400.0,200.0,755200.0
4,2021-10-12 07:45:00,31400.0,100.0,755000.0
5,2021-10-12 07:45:00,31400.0,600.0,754900.0
6,2021-10-12 07:45:00,31400.0,400.0,754300.0
7,2021-10-12 07:45:00,31400.0,200.0,753900.0
8,2021-10-12 07:45:00,31400.0,100.0,753700.0
9,2021-10-12 07:45:00,31400.0,500.0,753600.0
10,2021-10-12 07:45:00,31400.0,1200.0,753100.0
11,2021-10-12 07:45:00,31400.0,1000.0,751900.0
12,2021-10-12 07:45:00,31400.0,100.0,750900.0
13,2021-10-12 07:45:00,31400.0,300.0,750800.0
14,2021-10-12 07:45:00,31400.0,100.0,750500.0
15,2021-10-12 07:45:00,31400.0,2500.0,750400.0
16,2021-10-12 07:45:00,31400.0,2000.0,747900.0
17,2021-10-12 07:45:00,31400.0,100.0,745900.0
18,2021-10-12 07:45:00,31400.0,100.0,745800.0
19,2021-10-12 07:45:00,31400.0,3000.0,745700.0
20,2021-10-12 07:45:00,31400.0,100.0,742700.0
21,2021-10-12 07:45:00,31400.0,500.0,742600.0
22,2021-10-12 07:45:00,31400.0,100.0,742100.0
23,2021-10-12 07:45:00,31400.0,5000.0,742000.0
24,2021-10-12 07:45:00,31400.0,1000.0,737000.0
25,2021-10-12 07:45:00,31400.0,500.0,736000.0
26,2021-10-12 07:45:00,31400.0,500.0,735500.0
27,2021-10-12 07:45:00,31400.0,200.0,735000.0
28,2021-10-12 07:45:00,31400.0,400.0,734800.0
29,2021-10-12 07:45:00,31400.0,100.0,734400.0
30,2021-10-12 07:45:00,31400.0,5000.0,734300.0
31,2021-10-12 07:29:54,31450.0,300.0,729300.0
32,2021-10-12 07:29:44,31450.0,2000.0,729000.0
33,2021-10-12 07:29:41,31500.0,1100.0,727000.0
34,2021-10-12 07:28:49,31500.0,1700.0,725900.0
35,2021-10-12 07:28:49,31500.0,600.0,724200.0
36,2021-10-12 07:27:09,31450.0,100.0,723600.0
37,2021-10-12 07:27:09,31450.0,100.0,723500.0
38,2021-10-12 07:26:53,31500.0,300.0,723400.0
39,2021-10-12 07:26:48,31450.0,1900.0,723100.0
40,2021-10-12 07:26:48,31450.0,100.0,721200.0
41,2021-10-12 07:26:20,31500.0,500.0,721100.0
42,2021-10-12 07:26:17,31500.0,300.0,720600.0
43,2021-10-12 07:26:17,31500.0,3400.0,720300.0
44,2021-10-12 07:25:13,31500.0,100.0,716900.0
45,2021-10-12 07:25:09,31500.0,400.0,716800.0
46,2021-10-12 07:24:55,31500.0,7800.0,716400.0
47,2021-10-12 07:24:01,31500.0,300.0,708600.0
48,2021-10-12 07:23:24,31500.0,100.0,708300.0
49,2021-10-12 07:23:24,31500.0,100.0,708200.0
50,2021-10-12 07:23:24,31500.0,100.0,708100.0
51,2021-10-12 07:23:24,31500.0,100.0,708000.0
52,2021-10-12 07:23:24,31500.0,300.0,707900.0
53,2021-10-12 07:23:24,31500.0,100.0,707600.0
54,2021-10-12 07:23:24,31500.0,300.0,707500.0
55,2021-10-12 07:23:24,31500.0,200.0,707200.0
56,2021-10-12 07:23:24,31500.0,400.0,707000.0
57,2021-10-12 07:23:24,31500.0,3000.0,706600.0
58,2021-10-12 07:22:45,31500.0,200.0,703600.0
59,2021-10-12 07:21:45,31500.0,300.0,703400.0
60,2021-10-12 07:21:35,31500.0,5000.0,703100.0
61,2021-10-12 07:19:59,31500.0,1100.0,698100.0
62,2021-10-12 07:19:59,31500.0,100.0,697000.0
63,2021-10-12 07:19:59,31500.0,100.0,696900.0
64,2021-10-12 07:19:59,31500.0,3700.0,696800.0
65,2021-10-12 07:19:37,31550.0,500.0,693100.0
66,2021-10-12 07:19:37,31550.0,200.0,692600.0
67,2021-10-12 07:19:37,31550.0,200.0,692400.0
68,2021-10-12 07:19:36,31600.0,1000.0,692200.0
69,2021-10-12 07:19:25,31600.0,100.0,691200.0
70,2021-10-12 07:16:30,31600.0,100.0,691100.0
71,2021-10-12 07:15:33,31550.0,100.0,691000.0
72,2021-10-12 07:15:09,31550.0,400.0,690900.0
73,2021-10-12 07:15:09,31550.0,100.0,690500.0
74,2021-10-12 07:15:09,31550.0,300.0,690400.0
75,2021-10-12 07:15:09,31550.0,100.0,690100.0
76,2021-10-12 07:15:09,31550.0,2000.0,690000.0
77,2021-10-12 07:08:57,31600.0,200.0,688000.0
78,2021-10-12 07:08:11,31600.0,100.0,687800.0
79,2021-10-12 07:08:11,31600.0,200.0,687700.0
80,2021-10-12 07:07:37,31600.0,1000.0,687500.0
81,2021-10-12 07:07:37,31600.0,700.0,686500.0
82,2021-10-12 07:07:29,31550.0,2000.0,685800.0
83,2021-10-12 07:07:29,31550.0,1500.0,683800.0
84,2021-10-12 07:07:29,31550.0,200.0,682300.0
85,2021-10-12 07:07:29,31550.0,3800.0,682100.0
86,2021-10-12 07:05:26,31550.0,200.0,678300.0
87,2021-10-12 07:04:22,31550.0,200.0,678100.0
88,2021-10-12 07:04:11,31550.0,1000.0,677900.0
89,2021-10-12 07:02:47,31550.0,4100.0,676900.0
90,2021-10-12 07:02:42,31550.0,100.0,672800.0
91,2021-10-12 07:02:42,31550.0,500.0,672700.0
92,2021-10-12 07:02:42,31550.0,100.0,672200.0
93,2021-10-12 07:01:28,31550.0,100.0,672100.0
94,2021-10-12 07:01:28,31550.0,400.0,672000.0
95,2021-10-12 07:00:33,31550.0,100.0,671600.0
96,2021-10-12 07:00:12,31550.0,500.0,671500.0
97,2021-10-12 06:58:28,31550.0,1000.0,671000.0
98,2021-10-12 06:55:52,31500.0,100.0,670000.0
99,2021-10-12 06:55:52,31500.0,200.0,669900.0
100,2021-10-12 06:55:52,31500.0,500.0,669700.0
101,2021-10-12 06:55:52,31500.0,500.0,669200.0
102,2021-10-12 06:55:52,31500.0,500.0,668700.0
103,2021-10-12 06:55:52,31500.0,1000.0,668200.0
104,2021-10-12 06:55:52,31550.0,100.0,667200.0
105,2021-10-12 06:55:52,31550.0,100.0,667100.0
106,2021-10-12 06:55:32,31600.0,2300.0,667000.0
107,2021-10-12 06:55:13,31600.0,800.0,664700.0
108,2021-10-12 06:54:50,31600.0,300.0,663900.0
109,2021-10-12 06:52:42,31600.0,1500.0,663600.0
110,2021-10-12 06:52:41,31600.0,100.0,662100.0
111,2021-10-12 06:52:41,31600.0,1900.0,662000.0
112,2021-10-12 06:50:58,31600.0,8000.0,660100.0
113,2021-10-12 06:50:38,31650.0,500.0,652100.0
114,2021-10-12 06:50:38,31650.0,400.0,651600.0
115,2021-10-12 06:50:31,31650.0,1300.0,651200.0
116,2021-10-12 06:50:31,31650.0,100.0,649900.0
117,2021-10-12 06:50:31,31650.0,200.0,649800.0
118,2021-10-12 06:50:31,31650.0,400.0,649600.0
119,2021-10-12 06:48:32,31700.0,200.0,649200.0
120,2021-10-12 06:48:18,31700.0,1000.0,649000.0
121,2021-10-12 06:48:18,31700.0,700.0,648000.0
122,2021-10-12 06:48:18,31700.0,500.0,647300.0
123,2021-10-12 06:48:18,31700.0,3900.0,646800.0
124,2021-10-12 06:48:08,31700.0,1100.0,642900.0
125,2021-10-12 06:48:06,31700.0,4800.0,641800.0
126,2021-10-12 06:47:42,31700.0,100.0,637000.0
127,2021-10-12 06:47:07,31700.0,100.0,636900.0
128,2021-10-12 06:47:07,31700.0,200.0,636800.0
129,2021-10-12 06:47:07,31700.0,200.0,636600.0
130,2021-10-12 06:44:47,31750.0,500.0,636400.0
131,2021-10-12 06:44:47,31750.0,400.0,635900.0
132,2021-10-12 06:44:19,31800.0,200.0,635500.0
133,2021-10-12 06:44:19,31800.0,300.0,635300.0
134,2021-10-12 06:43:47,31800.0,200.0,635000.0
135,2021-10-12 06:43:23,31800.0,1500.0,634800.0
136,2021-10-12 06:43:23,31800.0,2800.0,633300.0
137,2021-10-12 06:42:11,31800.0,200.0,630500.0
138,2021-10-12 06:42:03,31750.0,100.0,630300.0
139,2021-10-12 06:40:58,31750.0,200.0,630200.0
140,2021-10-12 06:39:17,31750.0,1000.0,630000.0
141,2021-10-12 06:39:02,31700.0,200.0,629000.0
142,2021-10-12 06:37:36,31700.0,800.0,628800.0
143,2021-10-12 06:36:23,31700.0,500.0,628000.0
144,2021-10-12 06:36:23,31700.0,200.0,627500.0
145,2021-10-12 06:35:52,31700.0,1000.0,627300.0
146,2021-10-12 06:35:25,31700.0,100.0,626300.0
147,2021-10-12 06:35:16,31700.0,200.0,626200.0
148,2021-10-12 06:35:15,31700.0,2000.0,626000.0
149,2021-10-12 06:35:02,31700.0,300.0,624000.0
150,2021-10-12 06:34:52,31700.0,500.0,623700.0
151,2021-10-12 06:34:52,31700.0,200.0,623200.0
152,2021-10-12 06:34:52,31700.0,4000.0,623000.0
153,2021-10-12 06:34:52,31700.0,500.0,619000.0
154,2021-10-12 06:34:52,31700.0,1000.0,618500.0
155,2021-10-12 06:34:52,31700.0,1500.0,617500.0
156,2021-10-12 06:34:12,31650.0,100.0,616000.0
157,2021-10-12 06:33:46,31600.0,100.0,615900.0
158,2021-10-12 06:32:10,31650.0,500.0,615800.0
159,2021-10-12 06:31:33,31500.0,300.0,615300.0
160,2021-10-12 06:31:13,31500.0,700.0,615000.0
161,2021-10-12 06:31:13,31500.0,1000.0,614300.0
162,2021-10-12 06:31:13,31500.0,300.0,613300.0
163,2021-10-12 06:31:13,31500.0,1000.0,613000.0
164,2021-10-12 06:31:13,31500.0,1700.0,612000.0
165,2021-10-12 06:30:19,31500.0,1900.0,610300.0
166,2021-10-12 06:30:19,31550.0,100.0,608400.0
167,2021-10-12 06:28:57,31500.0,4700.0,608300.0
168,2021-10-12 06:28:57,31550.0,300.0,603600.0
169,2021-10-12 06:28:30,31500.0,100.0,603300.0
170,2021-10-12 06:28:30,31550.0,100.0,603200.0
171,2021-10-12 06:27:20,31550.0,200.0,603100.0
172,2021-10-12 06:27:20,31550.0,100.0,602900.0
173,2021-10-12 06:27:06,31550.0,1000.0,602800.0
174,2021-10-12 06:26:29,31550.0,2000.0,601800.0
175,2021-10-12 06:25:40,31550.0,700.0,599800.0
176,2021-10-12 06:24:14,31500.0,1500.0,599100.0
177,2021-10-12 06:24:14,31500.0,100.0,597600.0
178,2021-10-12 06:23:53,31450.0,100.0,597500.0
179,2021-10-12 06:23:53,31450.0,200.0,597400.0
180,2021-10-12 06:21:45,31450.0,100.0,597200.0
181,2021-10-12 06:21:29,31500.0,500.0,597100.0
182,2021-10-12 06:21:15,31500.0,300.0,596600.0
183,2021-10-12 06:21:11,31500.0,800.0,596300.0
184,2021-10-12 06:21:11,31500.0,1000.0,595500.0
185,2021-10-12 06:21:11,31500.0,100.0,594500.0
186,2021-10-12 06:21:11,31500.0,200.0,594400.0
187,2021-10-12 06:21:11,31500.0,1000.0,594200.0
188,2021-10-12 06:21:11,31500.0,100.0,593200.0
189,2021-10-12 06:21:11,31500.0,1000.0,593100.0
190,2021-10-12 06:21:11,31500.0,900.0,592100.0
191,2021-10-12 06:21:11,31500.0,1000.0,591200.0
192,2021-10-12 06:21:11,31550.0,2200.0,590200.0
193,2021-10-12 06:20:24,31550.0,1100.0,588000.0
194,2021-10-12 06:19:56,31600.0,100.0,586900.0
195,2021-10-12 06:19:56,31600.0,200.0,586800.0
196,2021-10-12 06:19:56,31600.0,200.0,586600.0
197,2021-10-12 06:19:56,31600.0,900.0,586400.0
198,2021-10-12 06:19:19,31650.0,9000.0,585500.0
199,2021-10-12 06:19:03,31650.0,1300.0,576500.0
200,2021-10-12 06:18:53,31650.0,2300.0,575200.0
201,2021-10-12 06:18:53,31650.0,700.0,572900.0
202,2021-10-12 06:18:22,31700.0,100.0,572200.0
203,2021-10-12 06:15:11,31700.0,3900.0,572100.0
204,2021-10-12 06:15:11,31700.0,100.0,568200.0
205,2021-10-12 06:14:49,31700.0,100.0,568100.0
206,2021-10-12 06:14:49,31700.0,1100.0,568000.0
207,2021-10-12 06:14:49,31700.0,100.0,566900.0
208,2021-10-12 06:14:49,31700.0,100.0,566800.0
209,2021-10-12 06:14:49,31700.0,100.0,566700.0
210,2021-10-12 06:14:49,31700.0,3000.0,566600.0
211,2021-10-12 06:14:49,31700.0,500.0,563600.0
212,2021-10-12 06:14:49,31700.0,800.0,563100.0
213,2021-10-12 06:14:41,31700.0,100.0,562300.0
214,2021-10-12 06:13:30,31700.0,100.0,562200.0
215,2021-10-12 06:13:30,31700.0,1000.0,562100.0
216,2021-10-12 06:13:30,31700.0,900.0,561100.0
217,2021-10-12 06:04:50,31800.0,100.0,560200.0
218,2021-10-12 06:04:20,31800.0,200.0,560100.0
219,2021-10-12 06:04:14,31800.0,1000.0,559900.0
220,2021-10-12 06:01:22,31950.0,2100.0,558900.0
221,2021-10-12 06:01:22,31900.0,100.0,556800.0
222,2021-10-12 06:01:22,31900.0,1000.0,556700.0
223,2021-10-12 06:01:22,31900.0,300.0,555700.0
224,2021-10-12 06:01:22,31900.0,1000.0,555400.0
225,2021-10-12 06:01:22,31900.0,200.0,554400.0
226,2021-10-12 06:01:22,31900.0,500.0,554200.0
227,2021-10-12 06:01:22,31900.0,200.0,553700.0
228,2021-10-12 06:01:22,31900.0,1600.0,553500.0
229,2021-10-12 06:01:22,31800.0,100.0,551900.0
230,2021-10-12 06:01:22,31800.0,100.0,551800.0
231,2021-10-12 06:01:22,31800.0,500.0,551700.0
232,2021-10-12 06:01:22,31800.0,200.0,551200.0
233,2021-10-12 06:01:22,31800.0,100.0,551000.0
234,2021-10-12 06:00:57,31700.0,100.0,550900.0
235,2021-10-12 06:00:25,31700.0,100.0,550800.0
236,2021-10-12 06:00:19,31800.0,2300.0,550700.0
237,2021-10-12 06:00:19,31750.0,100.0,548400.0
238,2021-10-12 06:00:19,31750.0,200.0,548300.0
239,2021-10-12 06:00:19,31750.0,500.0,548100.0
240,2021-10-12 06:00:03,31700.0,300.0,547600.0
241,2021-10-12 04:27:40,31700.0,500.0,547300.0
242,2021-10-12 04:27:34,31700.0,1500.0,546800.0
243,2021-10-12 04:24:20,31700.0,1000.0,545300.0
244,2021-10-12 04:23:57,31700.0,7000.0,544300.0
245,2021-10-12 04:23:57,31700.0,1000.0,537300.0
246,2021-10-12 04:23:57,31700.0,200.0,536300.0
247,2021-10-12 04:23:36,31750.0,800.0,536100.0
248,2021-10-12 04:23:26,31750.0,700.0,535300.0
249,2021-10-12 04:23:26,31750.0,300.0,534600.0
250,2021-10-12 04:23:26,31750.0,4000.0,534300.0
251,2021-10-12 04:23:05,31750.0,100.0,530300.0
252,2021-10-12 04:22:33,31750.0,900.0,530200.0
253,2021-10-12 04:22:33,31750.0,100.0,529300.0
254,2021-10-12 04:22:12,31800.0,600.0,529200.0
255,2021-10-12 04:21:46,31800.0,8000.0,528600.0
256,2021-10-12 04:21:45,31800.0,300.0,520600.0
257,2021-10-12 04:21:45,31800.0,200.0,520300.0
258,2021-10-12 04:21:45,31800.0,200.0,520100.0
259,2021-10-12 04:21:45,31800.0,300.0,519900.0
260,2021-10-12 04:21:45,31800.0,300.0,519600.0
261,2021-10-12 04:21:45,31800.0,100.0,519300.0
262,2021-10-12 04:21:10,31800.0,300.0,519200.0
263,2021-10-12 04:21:10,31800.0,200.0,518900.0
264,2021-10-12 04:15:47,31800.0,200.0,518700.0
265,2021-10-12 04:09:55,31750.0,300.0,518500.0
266,2021-10-12 04:09:55,31750.0,600.0,518200.0
267,2021-10-12 04:09:54,31750.0,2000.0,517600.0
268,2021-10-12 04:09:52,31800.0,100.0,515600.0
269,2021-10-12 04:09:35,31750.0,6000.0,515500.0
270,2021-10-12 04:09:15,31800.0,500.0,509500.0
271,2021-10-12 04:08:57,31800.0,500.0,509000.0
272,2021-10-12 04:08:57,31800.0,400.0,508500.0
273,2021-10-12 04:08:25,31800.0,100.0,508100.0
274,2021-10-12 04:08:11,31800.0,200.0,508000.0
275,2021-10-12 04:08:11,31800.0,300.0,507800.0
276,2021-10-12 04:08:11,31800.0,4600.0,507500.0
277,2021-10-12 04:05:59,31900.0,200.0,502900.0
278,2021-10-12 04:05:54,31900.0,200.0,502700.0
279,2021-10-12 04:05:06,31900.0,500.0,502500.0
280,2021-10-12 04:04:47,31950.0,300.0,502000.0
281,2021-10-12 04:04:23,31950.0,200.0,501700.0
282,2021-10-12 04:04:07,31950.0,500.0,501500.0
283,2021-10-12 04:04:07,31950.0,1600.0,501000.0
284,2021-10-12 04:03:44,32000.0,400.0,499400.0
285,2021-10-12 04:03:30,32000.0,100.0,499000.0
286,2021-10-12 04:03:27,32000.0,800.0,498900.0
287,2021-10-12 04:03:27,32000.0,200.0,498100.0
288,2021-10-12 04:03:22,32000.0,200.0,497900.0
289,2021-10-12 04:03:22,32000.0,100.0,497700.0
290,2021-10-12 04:03:22,31950.0,5000.0,497600.0
291,2021-10-12 04:03:16,32000.0,200.0,492600.0
292,2021-10-12 04:03:16,32000.0,100.0,492400.0
293,2021-10-12 04:03:12,32000.0,300.0,492300.0
294,2021-10-12 04:03:05,32000.0,100.0,492000.0
295,2021-10-12 04:03:05,32000.0,100.0,491900.0
296,2021-10-12 04:03:05,32000.0,100.0,491800.0
297,2021-10-12 04:03:05,32000.0,200.0,491700.0
298,2021-10-12 04:03:05,32000.0,500.0,491500.0
299,2021-10-12 04:03:02,32000.0,500.0,491000.0
300,2021-10-12 04:02:44,32000.0,1000.0,490500.0
301,2021-10-12 04:02:33,32000.0,400.0,489500.0
302,2021-10-12 04:02:33,32000.0,5000.0,489100.0
303,2021-10-12 04:02:33,32000.0,100.0,484100.0
304,2021-10-12 04:02:33,32000.0,100.0,484000.0
305,2021-10-12 04:02:33,32000.0,700.0,483900.0
306,2021-10-12 04:02:14,32000.0,100.0,483200.0
307,2021-10-12 04:01:41,32000.0,200.0,483100.0
308,2021-10-12 04:01:41,32000.0,300.0,482900.0
309,2021-10-12 04:01:41,32000.0,500.0,482600.0
310,2021-10-12 04:01:24,32000.0,100.0,482100.0
311,2021-10-12 04:01:20,32000.0,400.0,482000.0
312,2021-10-12 04:01:20,32000.0,300.0,481600.0
313,2021-10-12 04:01:20,32000.0,1000.0,481300.0
314,2021-10-12 04:01:20,32000.0,100.0,480300.0
315,2021-10-12 04:01:16,32000.0,100.0,480200.0
316,2021-10-12 04:01:16,32000.0,100.0,480100.0
317,2021-10-12 04:01:16,32000.0,500.0,480000.0
318,2021-10-12 04:01:16,32000.0,300.0,479500.0
319,2021-10-12 04:01:01,32000.0,600.0,479200.0
320,2021-10-12 04:01:01,32000.0,100.0,478600.0
321,2021-10-12 04:01:01,32000.0,500.0,478500.0
322,2021-10-12 04:01:01,32000.0,1000.0,478000.0
323,2021-10-12 04:01:01,32000.0,200.0,477000.0
324,2021-10-12 04:01:01,32000.0,2000.0,476800.0
325,2021-10-12 04:01:01,32000.0,500.0,474800.0
326,2021-10-12 04:01:01,32000.0,100.0,474300.0
327,2021-10-12 04:01:01,32000.0,200.0,474200.0
328,2021-10-12 04:01:01,32000.0,100.0,474000.0
329,2021-10-12 04:01:01,32000.0,2400.0,473900.0
330,2021-10-12 04:00:58,32000.0,600.0,471500.0
331,2021-10-12 04:00:58,32000.0,300.0,470900.0
332,2021-10-12 04:00:58,32000.0,1000.0,470600.0
333,2021-10-12 04:00:58,32000.0,200.0,469600.0
334,2021-10-12 04:00:58,32000.0,300.0,469400.0
335,2021-10-12 04:00:48,32000.0,500.0,469100.0
336,2021-10-12 04:00:48,32000.0,200.0,468600.0
337,2021-10-12 04:00:48,32000.0,300.0,468400.0
338,2021-10-12 04:00:34,32000.0,200.0,468100.0
339,2021-10-12 04:00:34,32000.0,100.0,467900.0
340,2021-10-12 04:00:34,32000.0,1500.0,467800.0
341,2021-10-12 04:00:34,32000.0,200.0,466300.0
342,2021-10-12 04:00:34,32000.0,600.0,466100.0
343,2021-10-12 04:00:34,32000.0,800.0,465500.0
344,2021-10-12 04:00:34,32000.0,2300.0,464700.0
345,2021-10-12 04:00:27,32000.0,7700.0,462400.0
346,2021-10-12 04:00:27,32000.0,100.0,454700.0
347,2021-10-12 04:00:27,32000.0,500.0,454600.0
348,2021-10-12 04:00:27,32000.0,100.0,454100.0
349,2021-10-12 04:00:27,32000.0,300.0,454000.0
350,2021-10-12 04:00:27,32000.0,100.0,453700.0
351,2021-10-12 04:00:27,32000.0,100.0,453600.0
352,2021-10-12 04:00:27,32000.0,200.0,453500.0
353,2021-10-12 04:00:27,32000.0,100.0,453300.0
354,2021-10-12 04:00:27,32000.0,12600.0,453200.0
355,2021-10-12 04:00:27,32000.0,1900.0,440600.0
356,2021-10-12 04:00:27,32000.0,500.0,438700.0
357,2021-10-12 04:00:27,32000.0,1000.0,438200.0
358,2021-10-12 04:00:27,32000.0,4800.0,437200.0
359,2021-10-12 04:00:10,31950.0,200.0,432400.0
360,2021-10-12 03:59:59,32000.0,200.0,432200.0
361,2021-10-12 03:59:59,32000.0,200.0,432000.0
362,2021-10-12 03:59:53,32000.0,800.0,431800.0
363,2021-10-12 03:59:53,32000.0,1100.0,431000.0
364,2021-10-12 03:59:53,32000.0,100.0,429900.0
365,2021-10-12 03:59:51,31950.0,100.0,429800.0
366,2021-10-12 03:59:43,31950.0,200.0,429700.0
367,2021-10-12 03:59:26,31950.0,100.0,429500.0
368,2021-10-12 03:59:26,31950.0,100.0,429400.0
369,2021-10-12 03:59:26,31950.0,200.0,429300.0
370,2021-10-12 03:59:26,31950.0,2500.0,429100.0
371,2021-10-12 03:59:25,31950.0,1000.0,426600.0
372,2021-10-12 03:59:24,31950.0,2500.0,425600.0
373,2021-10-12 03:59:24,31950.0,7000.0,423100.0
374,2021-10-12 03:59:24,31950.0,100.0,416100.0
375,2021-10-12 03:59:24,31950.0,200.0,416000.0
376,2021-10-12 03:59:24,31950.0,200.0,415800.0
377,2021-10-12 03:59:15,31900.0,100.0,415600.0
378,2021-10-12 03:59:04,31900.0,500.0,415500.0
379,2021-10-12 03:58:32,31900.0,900.0,415000.0
380,2021-10-12 03:57:29,31950.0,100.0,414100.0
381,2021-10-12 03:57:29,31950.0,100.0,414000.0
382,2021-10-12 03:57:29,31950.0,100.0,413900.0
383,2021-10-12 03:57:23,31950.0,200.0,413800.0
384,2021-10-12 03:56:27,31950.0,200.0,413600.0
385,2021-10-12 03:56:27,31950.0,600.0,413400.0
386,2021-10-12 03:56:15,31900.0,200.0,412800.0
387,2021-10-12 03:56:11,31950.0,400.0,412600.0
388,2021-10-12 03:56:11,31950.0,300.0,412200.0
389,2021-10-12 03:56:11,31950.0,300.0,411900.0
390,2021-10-12 03:56:11,31950.0,5000.0,411600.0
391,2021-10-12 03:56:11,31950.0,100.0,406600.0
392,2021-10-12 03:56:11,31950.0,100.0,406500.0
393,2021-10-12 03:56:11,31950.0,1000.0,406400.0
394,2021-10-12 03:56:11,31950.0,300.0,405400.0
395,2021-10-12 03:56:11,31950.0,300.0,405100.0
396,2021-10-12 03:56:11,31950.0,1500.0,404800.0
397,2021-10-12 03:56:11,31950.0,2000.0,403300.0
398,2021-10-12 03:56:11,31950.0,200.0,401300.0
399,2021-10-12 03:56:11,31950.0,400.0,401100.0
400,2021-10-12 03:56:11,31950.0,100.0,400700.0
401,2021-10-12 03:55:59,31900.0,1000.0,400600.0
402,2021-10-12 03:55:52,31900.0,300.0,399600.0
403,2021-10-12 03:55:52,31900.0,1300.0,399300.0
404,2021-10-12 03:55:31,31900.0,300.0,398000.0
405,2021-10-12 03:55:25,31900.0,100.0,397700.0
406,2021-10-12 03:55:25,31900.0,900.0,397600.0
407,2021-10-12 03:55:25,31900.0,5800.0,396700.0
408,2021-10-12 03:55:25,31900.0,200.0,390900.0
409,2021-10-12 03:55:18,31900.0,800.0,390700.0
410,2021-10-12 03:55:03,31900.0,900.0,389900.0
411,2021-10-12 03:53:47,31900.0,500.0,389000.0
412,2021-10-12 03:53:47,31900.0,1000.0,388500.0
413,2021-10-12 03:53:47,31900.0,100.0,387500.0
414,2021-10-12 03:53:47,31900.0,200.0,387400.0
415,2021-10-12 03:53:47,31900.0,500.0,387200.0
416,2021-10-12 03:53:45,31900.0,1500.0,386700.0
417,2021-10-12 03:53:45,31900.0,100.0,385200.0
418,2021-10-12 03:53:45,31900.0,200.0,385100.0
419,2021-10-12 03:53:45,31900.0,4500.0,384900.0
420,2021-10-12 03:53:45,31900.0,3700.0,380400.0
421,2021-10-12 03:53:41,31900.0,5500.0,376700.0
422,2021-10-12 03:53:41,31900.0,1500.0,371200.0
423,2021-10-12 03:53:41,31850.0,1000.0,369700.0
424,2021-10-12 03:53:41,31850.0,300.0,368700.0
425,2021-10-12 03:53:41,31850.0,100.0,368400.0
426,2021-10-12 03:53:41,31850.0,300.0,368300.0
427,2021-10-12 03:53:41,31850.0,1300.0,368000.0
428,2021-10-12 03:53:41,31850.0,700.0,366700.0
429,2021-10-12 03:52:00,31800.0,100.0,366000.0
430,2021-10-12 03:52:00,31800.0,500.0,365900.0
431,2021-10-12 03:52:00,31800.0,200.0,365400.0
432,2021-10-12 03:52:00,31800.0,200.0,365200.0
433,2021-10-12 03:52:00,31800.0,1000.0,365000.0
434,2021-10-12 03:52:00,31800.0,500.0,364000.0
435,2021-10-12 03:52:00,31800.0,500.0,363500.0
436,2021-10-12 03:52:00,31800.0,1900.0,363000.0
437,2021-10-12 03:52:00,31800.0,1000.0,361100.0
438,2021-10-12 03:52:00,31800.0,3900.0,360100.0
439,2021-10-12 03:52:00,31800.0,500.0,356200.0
440,2021-10-12 03:52:00,31800.0,100.0,355700.0
441,2021-10-12 03:52:00,31800.0,1000.0,355600.0
442,2021-10-12 03:52:00,31800.0,100.0,354600.0
443,2021-10-12 03:52:00,31800.0,500.0,354500.0
444,2021-10-12 03:52:00,31800.0,200.0,354000.0
445,2021-10-12 03:52:00,31800.0,100.0,353800.0
446,2021-10-12 03:52:00,31800.0,100.0,353700.0
447,2021-10-12 03:52:00,31800.0,100.0,353600.0
448,2021-10-12 03:52:00,31800.0,500.0,353500.0
449,2021-10-12 03:52:00,31800.0,500.0,353000.0
450,2021-10-12 03:52:00,31800.0,1900.0,352500.0
451,2021-10-12 03:51:36,31750.0,500.0,350600.0
452,2021-10-12 03:51:36,31750.0,900.0,350100.0
453,2021-10-12 03:50:43,31700.0,100.0,349200.0
454,2021-10-12 03:50:33,31700.0,400.0,349100.0
455,2021-10-12 03:50:03,31700.0,100.0,348700.0
456,2021-10-12 03:50:03,31700.0,300.0,348600.0
457,2021-10-12 03:50:03,31700.0,300.0,348300.0
458,2021-10-12 03:50:03,31700.0,500.0,348000.0
459,2021-10-12 03:49:59,31650.0,1000.0,347500.0
460,2021-10-12 03:49:48,31650.0,400.0,346500.0
461,2021-10-12 03:49:20,31650.0,300.0,346100.0
462,2021-10-12 03:47:33,31700.0,200.0,345800.0
463,2021-10-12 03:47:15,31700.0,200.0,345600.0
464,2021-10-12 03:47:06,31700.0,600.0,345400.0
465,2021-10-12 03:46:58,31700.0,100.0,344800.0
466,2021-10-12 03:46:54,31700.0,800.0,344700.0
467,2021-10-12 03:46:54,31700.0,200.0,343900.0
468,2021-10-12 03:46:40,31650.0,700.0,343700.0
469,2021-10-12 03:46:40,31650.0,6900.0,343000.0
470,2021-10-12 03:46:29,31650.0,1500.0,336100.0
471,2021-10-12 03:46:20,31600.0,100.0,334600.0
472,2021-10-12 03:46:20,31600.0,1000.0,334500.0
473,2021-10-12 03:46:20,31600.0,100.0,333500.0
474,2021-10-12 03:46:20,31600.0,500.0,333400.0
475,2021-10-12 03:46:20,31600.0,500.0,332900.0
476,2021-10-12 03:46:20,31600.0,1900.0,332400.0
477,2021-10-12 03:45:28,31550.0,500.0,330500.0
478,2021-10-12 03:45:27,31550.0,1000.0,330000.0
479,2021-10-12 03:44:47,31550.0,500.0,329000.0
480,2021-10-12 03:44:25,31550.0,300.0,328500.0
481,2021-10-12 03:44:15,31550.0,400.0,328200.0
482,2021-10-12 03:44:15,31550.0,200.0,327800.0
483,2021-10-12 03:44:15,31550.0,800.0,327600.0
484,2021-10-12 03:43:05,31500.0,500.0,326800.0
485,2021-10-12 03:42:35,31550.0,1200.0,326300.0
486,2021-10-12 03:42:35,31550.0,800.0,325100.0
487,2021-10-12 03:41:24,31500.0,600.0,324300.0
488,2021-10-12 03:38:38,31500.0,100.0,323700.0
489,2021-10-12 03:38:38,31500.0,300.0,323600.0
490,2021-10-12 03:38:38,31500.0,100.0,323300.0
491,2021-10-12 03:38:38,31500.0,500.0,323200.0
492,2021-10-12 03:38:38,31500.0,300.0,322700.0
493,2021-10-12 03:38:38,31500.0,100.0,322400.0
494,2021-10-12 03:38:38,31500.0,3000.0,322300.0
495,2021-10-12 03:38:21,31500.0,2000.0,319300.0
496,2021-10-12 03:35:27,31450.0,1000.0,317300.0
497,2021-10-12 03:35:27,31450.0,3800.0,316300.0
498,2021-10-12 03:35:25,31450.0,500.0,312500.0
499,2021-10-12 03:34:54,31450.0,1200.0,312000.0
500,2021-10-12 03:34:54,31450.0,300.0,310800.0
501,2021-10-12 03:34:51,31450.0,500.0,310500.0
502,2021-10-12 03:33:01,31400.0,800.0,310000.0
503,2021-10-12 03:33:01,31400.0,300.0,309200.0
504,2021-10-12 03:33:01,31400.0,500.0,308900.0
505,2021-10-12 03:31:38,31400.0,500.0,308400.0
506,2021-10-12 03:31:38,31400.0,200.0,307900.0
507,2021-10-12 03:31:38,31400.0,300.0,307700.0
508,2021-10-12 03:29:02,31400.0,200.0,307400.0
509,2021-10-12 03:29:02,31450.0,100.0,307200.0
510,2021-10-12 03:29:01,31450.0,200.0,307100.0
511,2021-10-12 03:27:15,31450.0,300.0,306900.0
512,2021-10-12 03:27:15,31450.0,200.0,306600.0
513,2021-10-12 03:26:44,31450.0,400.0,306400.0
514,2021-10-12 03:26:35,31450.0,100.0,306000.0
515,2021-10-12 03:26:16,31450.0,200.0,305900.0
516,2021-10-12 03:26:13,31400.0,300.0,305700.0
517,2021-10-12 03:25:56,31450.0,300.0,305400.0
518,2021-10-12 03:25:56,31450.0,1700.0,305100.0
519,2021-10-12 03:25:36,31450.0,4600.0,303400.0
520,2021-10-12 03:25:15,31450.0,300.0,298800.0
521,2021-10-12 03:25:02,31450.0,200.0,298500.0
522,2021-10-12 03:24:42,31450.0,400.0,298300.0
523,2021-10-12 03:24:08,31400.0,500.0,297900.0
524,2021-10-12 03:23:39,31400.0,500.0,297400.0
525,2021-10-12 03:23:10,31400.0,4500.0,296900.0
526,2021-10-12 03:23:10,31400.0,500.0,292400.0
527,2021-10-12 03:22:25,31400.0,1000.0,291900.0
528,2021-10-12 03:22:08,31400.0,100.0,290900.0
529,2021-10-12 03:21:54,31400.0,400.0,290800.0
530,2021-10-12 03:21:37,31350.0,200.0,290400.0
531,2021-10-12 03:21:10,31300.0,200.0,290200.0
532,2021-10-12 03:20:33,31300.0,2700.0,290000.0
533,2021-10-12 03:20:15,31250.0,1000.0,287300.0
534,2021-10-12 03:20:15,31250.0,1500.0,286300.0
535,2021-10-12 03:20:03,31200.0,500.0,284800.0
536,2021-10-12 03:19:54,31200.0,1500.0,284300.0
537,2021-10-12 03:19:54,31200.0,2500.0,282800.0
538,2021-10-12 03:19:43,31200.0,1300.0,280300.0
539,2021-10-12 03:19:37,31200.0,1000.0,279000.0
540,2021-10-12 03:19:35,31200.0,200.0,278000.0
541,2021-10-12 03:19:16,31250.0,1600.0,277800.0
542,2021-10-12 03:19:16,31200.0,800.0,276200.0
543,2021-10-12 03:19:16,31200.0,1000.0,275400.0
544,2021-10-12 03:19:16,31200.0,100.0,274400.0
545,2021-10-12 03:19:16,31200.0,200.0,274300.0
546,2021-10-12 03:19:16,31200.0,500.0,274100.0
547,2021-10-12 03:19:16,31200.0,800.0,273600.0
548,2021-10-12 03:18:49,31100.0,200.0,272800.0
549,2021-10-12 03:18:49,31100.0,300.0,272600.0
550,2021-10-12 03:18:49,31100.0,500.0,272300.0
551,2021-10-12 03:18:12,31100.0,1000.0,271800.0
552,2021-10-12 03:17:49,31100.0,3500.0,270800.0
553,2021-10-12 03:17:35,31100.0,200.0,267300.0
554,2021-10-12 03:17:35,31100.0,2300.0,267100.0
555,2021-10-12 03:17:32,31100.0,700.0,264800.0
556,2021-10-12 03:17:29,31100.0,500.0,264100.0
557,2021-10-12 03:17:20,31100.0,1500.0,263600.0
558,2021-10-12 03:17:20,31100.0,400.0,262100.0
559,2021-10-12 03:17:00,31100.0,3000.0,261700.0
560,2021-10-12 03:16:59,31100.0,2000.0,258700.0
561,2021-10-12 03:16:45,31200.0,200.0,256700.0
562,2021-10-12 03:16:05,31200.0,300.0,256500.0
563,2021-10-12 03:15:54,31200.0,300.0,256200.0
564,2021-10-12 03:15:54,31200.0,1700.0,255900.0
565,2021-10-12 03:15:54,31200.0,400.0,254200.0
566,2021-10-12 03:15:54,31200.0,100.0,253800.0
567,2021-10-12 03:15:54,31200.0,200.0,253700.0
568,2021-10-12 03:15:34,31000.0,500.0,253500.0
569,2021-10-12 03:15:34,31050.0,100.0,253000.0
570,2021-10-12 03:15:34,31050.0,100.0,252900.0
571,2021-10-12 03:15:34,31100.0,100.0,252800.0
572,2021-10-12 03:15:34,31100.0,3000.0,252700.0
573,2021-10-12 03:15:34,31150.0,700.0,249700.0
574,2021-10-12 03:15:34,31150.0,100.0,249000.0
575,2021-10-12 03:15:34,31150.0,100.0,248900.0
576,2021-10-12 03:15:34,31150.0,100.0,248800.0
577,2021-10-12 03:15:34,31150.0,200.0,248700.0
578,2021-10-12 03:15:17,31200.0,400.0,248500.0
579,2021-10-12 03:14:09,31200.0,200.0,248100.0
580,2021-10-12 03:14:09,31200.0,100.0,247900.0
581,2021-10-12 03:13:48,31200.0,100.0,247800.0
582,2021-10-12 03:13:48,31200.0,300.0,247700.0
583,2021-10-12 03:13:48,31200.0,500.0,247400.0
584,2021-10-12 03:13:48,31200.0,100.0,246900.0
585,2021-10-12 03:13:48,31200.0,200.0,246800.0
586,2021-10-12 03:13:48,31200.0,200.0,246600.0
587,2021-10-12 03:13:48,31200.0,500.0,246400.0
588,2021-10-12 03:13:48,31200.0,100.0,245900.0
589,2021-10-12 03:13:48,31200.0,100.0,245800.0
590,2021-10-12 03:13:48,31200.0,1900.0,245700.0
591,2021-10-12 03:13:47,31200.0,100.0,243800.0
592,2021-10-12 03:13:34,31300.0,200.0,243700.0
593,2021-10-12 03:13:26,31300.0,100.0,243500.0
594,2021-10-12 03:13:26,31300.0,100.0,243400.0
595,2021-10-12 03:13:26,31300.0,500.0,243300.0
596,2021-10-12 03:13:26,31300.0,1000.0,242800.0
597,2021-10-12 03:13:26,31300.0,300.0,241800.0
598,2021-10-12 03:13:26,31300.0,1100.0,241500.0
599,2021-10-12 03:13:25,31300.0,200.0,240400.0
600,2021-10-12 03:13:16,31300.0,1000.0,240200.0
601,2021-10-12 03:13:16,31300.0,500.0,239200.0
602,2021-10-12 03:13:16,31300.0,100.0,238700.0
603,2021-10-12 03:13:16,31300.0,100.0,238600.0
604,2021-10-12 03:13:16,31300.0,200.0,238500.0
605,2021-10-12 03:13:16,31300.0,100.0,238300.0
606,2021-10-12 03:13:12,31300.0,300.0,238200.0
607,2021-10-12 03:13:12,31300.0,200.0,237900.0
608,2021-10-12 03:13:12,31300.0,100.0,237700.0
609,2021-10-12 03:13:08,31300.0,100.0,237600.0
610,2021-10-12 03:13:08,31300.0,500.0,237500.0
611,2021-10-12 03:13:08,31300.0,200.0,237000.0
612,2021-10-12 03:13:08,31300.0,200.0,236800.0
613,2021-10-12 03:13:08,31300.0,1000.0,236600.0
614,2021-10-12 03:13:08,31300.0,3000.0,235600.0
615,2021-10-12 03:12:45,31350.0,300.0,232600.0
616,2021-10-12 03:12:45,31350.0,100.0,232300.0
617,2021-10-12 03:12:21,31350.0,300.0,232200.0
618,2021-10-12 03:12:07,31350.0,1200.0,231900.0
619,2021-10-12 03:12:07,31350.0,200.0,230700.0
620,2021-10-12 03:12:07,31350.0,300.0,230500.0
621,2021-10-12 03:12:07,31350.0,100.0,230200.0
622,2021-10-12 03:12:07,31350.0,1200.0,230100.0
623,2021-10-12 03:11:57,31350.0,3800.0,228900.0
624,2021-10-12 03:11:57,31350.0,1000.0,225100.0
625,2021-10-12 03:11:57,31350.0,100.0,224100.0
626,2021-10-12 03:11:57,31350.0,500.0,224000.0
627,2021-10-12 03:11:57,31350.0,2000.0,223500.0
628,2021-10-12 03:11:57,31350.0,800.0,221500.0
629,2021-10-12 03:11:57,31350.0,100.0,220700.0
630,2021-10-12 03:11:57,31350.0,1700.0,220600.0
631,2021-10-12 03:11:43,31350.0,1300.0,218900.0
632,2021-10-12 03:11:43,31350.0,100.0,217600.0
633,2021-10-12 03:11:43,31350.0,100.0,217500.0
634,2021-10-12 03:11:43,31350.0,300.0,217400.0
635,2021-10-12 03:11:43,31350.0,100.0,217100.0
636,2021-10-12 03:11:43,31350.0,100.0,217000.0
637,2021-10-12 03:10:17,31400.0,100.0,216900.0
638,2021-10-12 03:10:16,31350.0,200.0,216800.0
639,2021-10-12 03:10:16,31350.0,100.0,216600.0
640,2021-10-12 03:10:16,31350.0,700.0,216500.0
641,2021-10-12 03:10:10,31350.0,400.0,215800.0
642,2021-10-12 03:09:42,31350.0,1000.0,215400.0
643,2021-10-12 03:09:36,31400.0,100.0,214400.0
644,2021-10-12 03:09:21,31350.0,4600.0,214300.0
645,2021-10-12 03:08:04,31400.0,100.0,209700.0
646,2021-10-12 03:07:48,31400.0,100.0,209600.0
647,2021-10-12 03:07:48,31400.0,100.0,209500.0
648,2021-10-12 03:07:25,31400.0,100.0,209400.0
649,2021-10-12 03:07:25,31400.0,300.0,209300.0
650,2021-10-12 03:07:13,31400.0,200.0,209000.0
651,2021-10-12 03:06:55,31400.0,500.0,208800.0
652,2021-10-12 03:06:36,31400.0,500.0,208300.0
653,2021-10-12 03:06:36,31400.0,300.0,207800.0
654,2021-10-12 03:06:36,31400.0,100.0,207500.0
655,2021-10-12 03:06:36,31400.0,100.0,207400.0
656,2021-10-12 03:06:36,31400.0,2700.0,207300.0
657,2021-10-12 03:06:11,31400.0,100.0,204600.0
658,2021-10-12 03:05:55,31350.0,1200.0,204500.0
659,2021-10-12 03:05:12,31400.0,100.0,203300.0
660,2021-10-12 03:04:51,31400.0,500.0,203200.0
661,2021-10-12 03:04:51,31400.0,500.0,202700.0
662,2021-10-12 03:04:51,31400.0,100.0,202200.0
663,2021-10-12 03:04:51,31400.0,200.0,202100.0
664,2021-10-12 03:04:51,31400.0,100.0,201900.0
665,2021-10-12 03:04:51,31400.0,500.0,201800.0
666,2021-10-12 03:04:51,31400.0,1000.0,201300.0
667,2021-10-12 03:04:49,31400.0,500.0,200300.0
668,2021-10-12 03:04:49,31400.0,300.0,199800.0
669,2021-10-12 03:04:49,31400.0,100.0,199500.0
670,2021-10-12 03:04:49,31400.0,100.0,199400.0
671,2021-10-12 03:04:49,31400.0,100.0,199300.0
672,2021-10-12 03:04:49,31400.0,100.0,199200.0
673,2021-10-12 03:04:49,31400.0,200.0,199100.0
674,2021-10-12 03:04:49,31400.0,3100.0,198900.0
675,2021-10-12 03:04:49,31400.0,500.0,195800.0
676,2021-10-12 03:04:28,31450.0,300.0,195300.0
677,2021-10-12 03:04:22,31400.0,500.0,195000.0
678,2021-10-12 03:04:09,31450.0,100.0,194500.0
679,2021-10-12 03:04:09,31450.0,300.0,194400.0
680,2021-10-12 03:04:09,31450.0,500.0,194100.0
681,2021-10-12 03:04:09,31450.0,1600.0,193600.0
682,2021-10-12 03:04:00,31450.0,100.0,192000.0
683,2021-10-12 03:04:00,31450.0,100.0,191900.0
684,2021-10-12 03:04:00,31450.0,500.0,191800.0
685,2021-10-12 03:04:00,31450.0,100.0,191300.0
686,2021-10-12 03:04:00,31450.0,1200.0,191200.0
687,2021-10-12 03:03:51,31450.0,5000.0,190000.0
688,2021-10-12 03:03:49,31450.0,100.0,185000.0
689,2021-10-12 03:03:40,31450.0,600.0,184900.0
690,2021-10-12 03:03:33,31500.0,100.0,184300.0
691,2021-10-12 03:02:46,31450.0,3000.0,184200.0
692,2021-10-12 03:00:35,31450.0,100.0,181200.0
693,2021-10-12 03:00:18,31500.0,900.0,181100.0
694,2021-10-12 03:00:18,31500.0,100.0,180200.0
695,2021-10-12 03:00:07,31500.0,1000.0,180100.0
696,2021-10-12 02:59:14,31500.0,1100.0,179100.0
697,2021-10-12 02:59:12,31500.0,200.0,178000.0
698,2021-10-12 02:59:09,31500.0,800.0,177800.0
699,2021-10-12 02:59:09,31500.0,1200.0,177000.0
700,2021-10-12 02:59:01,31500.0,1300.0,175800.0
701,2021-10-12 02:59:01,31500.0,700.0,174500.0
702,2021-10-12 02:58:29,31500.0,100.0,173800.0
703,2021-10-12 02:57:31,31500.0,1000.0,173700.0
704,2021-10-12 02:56:55,31500.0,900.0,172700.0
705,2021-10-12 02:56:10,31500.0,200.0,171800.0
706,2021-10-12 02:55:24,31500.0,200.0,171600.0
707,2021-10-12 02:55:24,31500.0,500.0,171400.0
708,2021-10-12 02:55:24,31500.0,500.0,170900.0
709,2021-10-12 02:55:24,31500.0,300.0,170400.0
710,2021-10-12 02:55:24,31500.0,900.0,170100.0
711,2021-10-12 02:55:19,31500.0,2000.0,169200.0
712,2021-10-12 02:54:55,31500.0,100.0,167200.0
713,2021-10-12 02:54:55,31500.0,500.0,167100.0
714,2021-10-12 02:54:55,31500.0,100.0,166600.0
715,2021-10-12 02:54:55,31500.0,100.0,166500.0
716,2021-10-12 02:54:55,31500.0,800.0,166400.0
717,2021-10-12 02:54:24,31500.0,200.0,165600.0
718,2021-10-12 02:54:24,31500.0,300.0,165400.0
719,2021-10-12 02:54:22,31500.0,200.0,165100.0
720,2021-10-12 02:54:22,31500.0,100.0,164900.0
721,2021-10-12 02:53:56,31500.0,2900.0,164800.0
722,2021-10-12 02:53:56,31500.0,100.0,161900.0
723,2021-10-12 02:53:56,31500.0,300.0,161800.0
724,2021-10-12 02:53:56,31500.0,500.0,161500.0
725,2021-10-12 02:53:56,31500.0,1000.0,161000.0
726,2021-10-12 02:53:56,31500.0,100.0,160000.0
727,2021-10-12 02:53:56,31550.0,100.0,159900.0
728,2021-10-12 02:53:48,31600.0,3000.0,159800.0
729,2021-10-12 02:53:46,31500.0,100.0,156800.0
730,2021-10-12 02:53:46,31500.0,100.0,156700.0
731,2021-10-12 02:53:46,31500.0,100.0,156600.0
732,2021-10-12 02:53:46,31500.0,300.0,156500.0
733,2021-10-12 02:53:46,31550.0,300.0,156200.0
734,2021-10-12 02:53:46,31550.0,500.0,155900.0
735,2021-10-12 02:53:46,31550.0,200.0,155400.0
736,2021-10-12 02:53:32,31550.0,400.0,155200.0
737,2021-10-12 02:53:12,31550.0,100.0,154800.0
738,2021-10-12 02:53:11,31550.0,1000.0,154700.0
739,2021-10-12 02:52:25,31550.0,600.0,153700.0
740,2021-10-12 02:52:25,31550.0,1500.0,153100.0
741,2021-10-12 02:52:25,31550.0,1000.0,151600.0
742,2021-10-12 02:52:25,31550.0,2000.0,150600.0
743,2021-10-12 02:52:25,31550.0,200.0,148600.0
744,2021-10-12 02:52:25,31550.0,500.0,148400.0
745,2021-10-12 02:52:25,31550.0,100.0,147900.0
746,2021-10-12 02:52:04,31600.0,100.0,147800.0
747,2021-10-12 02:52:04,31600.0,100.0,147700.0
748,2021-10-12 02:52:04,31600.0,100.0,147600.0
749,2021-10-12 02:52:04,31600.0,100.0,147500.0
750,2021-10-12 02:52:04,31600.0,100.0,147400.0
751,2021-10-12 02:50:47,31600.0,200.0,147300.0
752,2021-10-12 02:50:45,31550.0,100.0,147100.0
753,2021-10-12 02:49:18,31600.0,1300.0,147000.0
754,2021-10-12 02:49:11,31600.0,1600.0,145700.0
755,2021-10-12 02:49:11,31600.0,600.0,144100.0
756,2021-10-12 02:49:07,31600.0,1000.0,143500.0
757,2021-10-12 02:48:48,31600.0,1000.0,142500.0
758,2021-10-12 02:48:48,31600.0,100.0,141500.0
759,2021-10-12 02:48:48,31600.0,500.0,141400.0
760,2021-10-12 02:48:48,31600.0,1000.0,140900.0
761,2021-10-12 02:48:48,31600.0,300.0,139900.0
762,2021-10-12 02:48:48,31600.0,100.0,139600.0
763,2021-10-12 02:48:48,31600.0,200.0,139500.0
764,2021-10-12 02:48:48,31600.0,1100.0,139300.0
765,2021-10-12 02:48:21,31600.0,900.0,138200.0
766,2021-10-12 02:48:21,31600.0,200.0,137300.0
767,2021-10-12 02:46:11,31650.0,1000.0,137100.0
768,2021-10-12 02:44:33,31650.0,100.0,136100.0
769,2021-10-12 02:44:18,31650.0,500.0,136000.0
770,2021-10-12 02:44:18,31650.0,5000.0,135500.0
771,2021-10-12 02:44:11,31700.0,1500.0,130500.0
772,2021-10-12 02:44:08,31700.0,400.0,129000.0
773,2021-10-12 02:43:46,31700.0,100.0,128600.0
774,2021-10-12 02:43:46,31700.0,300.0,128500.0
775,2021-10-12 02:43:46,31700.0,3100.0,128200.0
776,2021-10-12 02:43:33,31700.0,1000.0,125100.0
777,2021-10-12 02:43:18,31700.0,100.0,124100.0
778,2021-10-12 02:43:18,31700.0,500.0,124000.0
779,2021-10-12 02:42:37,31700.0,100.0,123500.0
780,2021-10-12 02:42:27,31700.0,200.0,123400.0
781,2021-10-12 02:41:42,31700.0,800.0,123200.0
782,2021-10-12 02:41:21,31600.0,1800.0,122400.0
783,2021-10-12 02:41:21,31600.0,500.0,120600.0
784,2021-10-12 02:41:21,31600.0,2000.0,120100.0
785,2021-10-12 02:41:21,31600.0,3000.0,118100.0
786,2021-10-12 02:41:21,31600.0,2100.0,115100.0
787,2021-10-12 02:41:21,31600.0,300.0,113000.0
788,2021-10-12 02:41:21,31700.0,300.0,112700.0
789,2021-10-12 02:41:13,31800.0,100.0,112400.0
790,2021-10-12 02:41:13,31800.0,400.0,112300.0
791,2021-10-12 02:41:13,31700.0,2500.0,111900.0
792,2021-10-12 02:41:06,31800.0,3000.0,109400.0
793,2021-10-12 02:40:45,31800.0,2600.0,106400.0
794,2021-10-12 02:40:45,31800.0,100.0,103800.0
795,2021-10-12 02:40:45,31750.0,300.0,103700.0
796,2021-10-12 02:40:37,31750.0,700.0,103400.0
797,2021-10-12 02:39:23,31800.0,100.0,102700.0
798,2021-10-12 02:39:23,31750.0,300.0,102600.0
799,2021-10-12 02:38:02,31600.0,300.0,102300.0
800,2021-10-12 02:38:02,31600.0,200.0,102000.0
801,2021-10-12 02:38:01,31750.0,700.0,101800.0
802,2021-10-12 02:38:01,31750.0,300.0,101100.0
803,2021-10-12 02:37:14,31600.0,100.0,100800.0
804,2021-10-12 02:37:05,31600.0,100.0,100700.0
805,2021-10-12 02:37:05,31600.0,400.0,100600.0
806,2021-10-12 02:37:03,31600.0,100.0,100200.0
807,2021-10-12 02:37:03,31600.0,400.0,100100.0
808,2021-10-12 02:36:46,31600.0,100.0,99700.0
809,2021-10-12 02:36:46,31600.0,100.0,99600.0
810,2021-10-12 02:36:46,31600.0,200.0,99500.0
811,2021-10-12 02:36:46,31600.0,500.0,99300.0
812,2021-10-12 02:36:46,31600.0,100.0,98800.0
813,2021-10-12 02:36:08,31600.0,200.0,98700.0
814,2021-10-12 02:35:52,31600.0,100.0,98500.0
815,2021-10-12 02:35:52,31600.0,100.0,98400.0
816,2021-10-12 02:35:52,31600.0,100.0,98300.0
817,2021-10-12 02:35:52,31600.0,200.0,98200.0
818,2021-10-12 02:35:46,31600.0,100.0,98000.0
819,2021-10-12 02:35:31,31600.0,200.0,97900.0
820,2021-10-12 02:35:31,31600.0,700.0,97700.0
821,2021-10-12 02:35:31,31600.0,100.0,97000.0
822,2021-10-12 02:34:49,31600.0,900.0,96900.0
823,2021-10-12 02:34:03,31500.0,300.0,96000.0
824,2021-10-12 02:32:57,31500.0,500.0,95700.0
825,2021-10-12 02:32:28,31500.0,100.0,95200.0
826,2021-10-12 02:32:19,31500.0,600.0,95100.0
827,2021-10-12 02:31:48,31500.0,200.0,94500.0
828,2021-10-12 02:31:46,31500.0,1300.0,94300.0
829,2021-10-12 02:31:24,31500.0,500.0,93000.0
830,2021-10-12 02:31:24,31500.0,100.0,92500.0
831,2021-10-12 02:31:24,31500.0,2000.0,92400.0
832,2021-10-12 02:31:24,31500.0,400.0,90400.0
833,2021-10-12 02:31:24,31500.0,500.0,90000.0
834,2021-10-12 02:31:24,31500.0,100.0,89500.0
835,2021-10-12 02:31:24,31500.0,2100.0,89400.0
836,2021-10-12 02:31:22,31400.0,2100.0,87300.0
837,2021-10-12 02:31:22,31400.0,200.0,85200.0
838,2021-10-12 02:31:22,31400.0,2500.0,85000.0
839,2021-10-12 02:31:22,31450.0,100.0,82500.0
840,2021-10-12 02:30:47,31500.0,200.0,82400.0
841,2021-10-12 02:30:47,31400.0,200.0,82200.0
842,2021-10-12 02:30:47,31350.0,2000.0,82000.0
843,2021-10-12 02:30:37,31400.0,900.0,80000.0
844,2021-10-12 02:30:37,31400.0,1000.0,79100.0
845,2021-10-12 02:30:37,31400.0,900.0,78100.0
846,2021-10-12 02:30:23,31400.0,500.0,77200.0
847,2021-10-12 02:30:23,31400.0,100.0,76700.0
848,2021-10-12 02:30:23,31400.0,500.0,76600.0
849,2021-10-12 02:30:20,31400.0,500.0,76100.0
850,2021-10-12 02:30:17,31400.0,100.0,75600.0
851,2021-10-12 02:30:06,31400.0,500.0,75500.0
852,2021-10-12 02:29:59,31400.0,200.0,75000.0
853,2021-10-12 02:29:56,31350.0,100.0,74800.0
854,2021-10-12 02:29:28,31400.0,400.0,74700.0
855,2021-10-12 02:29:16,31400.0,1000.0,74300.0
856,2021-10-12 02:28:25,31400.0,1000.0,73300.0
857,2021-10-12 02:28:22,31400.0,100.0,72300.0
858,2021-10-12 02:28:22,31400.0,100.0,72200.0
859,2021-10-12 02:28:22,31400.0,100.0,72100.0
860,2021-10-12 02:28:22,31400.0,100.0,72000.0
861,2021-10-12 02:28:22,31400.0,100.0,71900.0
862,2021-10-12 02:28:22,31400.0,100.0,71800.0
863,2021-10-12 02:28:22,31400.0,1000.0,71700.0
864,2021-10-12 02:28:22,31400.0,500.0,70700.0
865,2021-10-12 02:28:22,31400.0,100.0,70200.0
866,2021-10-12 02:28:22,31400.0,1000.0,70100.0
867,2021-10-12 02:28:22,31400.0,100.0,69100.0
868,2021-10-12 02:28:22,31400.0,200.0,69000.0
869,2021-10-12 02:28:22,31400.0,2300.0,68800.0
870,2021-10-12 02:27:44,31400.0,700.0,66500.0
871,2021-10-12 02:27:44,31450.0,100.0,65800.0
872,2021-10-12 02:27:44,31450.0,100.0,65700.0
873,2021-10-12 02:27:44,31450.0,100.0,65600.0
874,2021-10-12 02:27:24,31450.0,500.0,65500.0
875,2021-10-12 02:27:24,31450.0,500.0,65000.0
876,2021-10-12 02:27:09,31500.0,200.0,64500.0
877,2021-10-12 02:26:49,31500.0,100.0,64300.0
878,2021-10-12 02:26:32,31500.0,100.0,64200.0
879,2021-10-12 02:26:18,31500.0,500.0,64100.0
880,2021-10-12 02:26:18,31500.0,1600.0,63600.0
881,2021-10-12 02:26:18,31500.0,100.0,62000.0
882,2021-10-12 02:26:18,31500.0,400.0,61900.0
883,2021-10-12 02:26:18,31500.0,100.0,61500.0
884,2021-10-12 02:26:18,31500.0,1000.0,61400.0
885,2021-10-12 02:26:18,31500.0,100.0,60400.0
886,2021-10-12 02:26:18,31500.0,100.0,60300.0
887,2021-10-12 02:26:18,31500.0,1100.0,60200.0
888,2021-10-12 02:26:17,31500.0,1900.0,59100.0
889,2021-10-12 02:26:17,31500.0,200.0,57200.0
890,2021-10-12 02:26:17,31500.0,300.0,57000.0
891,2021-10-12 02:26:17,31500.0,500.0,56700.0
892,2021-10-12 02:26:17,31500.0,100.0,56200.0
893,2021-10-12 02:26:17,31500.0,100.0,56100.0
894,2021-10-12 02:25:49,31600.0,3500.0,56000.0
895,2021-10-12 02:25:32,31700.0,800.0,52500.0
896,2021-10-12 02:25:29,31700.0,1100.0,51700.0
897,2021-10-12 02:25:25,31700.0,1100.0,50600.0
898,2021-10-12 02:25:22,31600.0,200.0,49500.0
899,2021-10-12 02:25:02,31700.0,900.0,49300.0
900,2021-10-12 02:25:02,31700.0,1100.0,48400.0
901,2021-10-12 02:24:44,31600.0,100.0,47300.0
902,2021-10-12 02:24:17,31600.0,100.0,47200.0
903,2021-10-12 02:24:15,31700.0,1200.0,47100.0
904,2021-10-12 02:23:59,31600.0,100.0,45900.0
905,2021-10-12 02:23:51,31500.0,200.0,45800.0
906,2021-10-12 02:23:51,31500.0,100.0,45600.0
907,2021-10-12 02:23:51,31500.0,200.0,45500.0
908,2021-10-12 02:23:38,31500.0,1300.0,45300.0
909,2021-10-12 02:23:38,31500.0,100.0,44000.0
910,2021-10-12 02:23:38,31500.0,1000.0,43900.0
911,2021-10-12 02:23:38,31500.0,300.0,42900.0
912,2021-10-12 02:23:38,31500.0,100.0,42600.0
913,2021-10-12 02:23:38,31500.0,300.0,42500.0
914,2021-10-12 02:23:38,31500.0,100.0,42200.0
915,2021-10-12 02:23:38,31500.0,400.0,42100.0
916,2021-10-12 02:23:38,31500.0,400.0,41700.0
917,2021-10-12 02:23:13,31600.0,900.0,41300.0
918,2021-10-12 02:23:13,31600.0,2000.0,40400.0
919,2021-10-12 02:23:13,31600.0,100.0,38400.0
920,2021-10-12 02:22:44,31500.0,400.0,38300.0
921,2021-10-12 02:22:44,31550.0,200.0,37900.0
922,2021-10-12 02:22:17,31500.0,2200.0,37700.0
923,2021-10-12 02:22:17,31500.0,200.0,35500.0
924,2021-10-12 02:22:17,31500.0,300.0,35300.0
925,2021-10-12 02:22:17,31500.0,100.0,35000.0
926,2021-10-12 02:22:17,31550.0,200.0,34900.0
927,2021-10-12 02:21:45,31500.0,100.0,34700.0
928,2021-10-12 02:21:37,31600.0,100.0,34600.0
929,2021-10-12 02:21:23,31600.0,300.0,34500.0
930,2021-10-12 02:21:23,31600.0,2800.0,34200.0
931,2021-10-12 02:20:49,31600.0,200.0,31400.0
932,2021-10-12 02:20:18,31500.0,400.0,31200.0
933,2021-10-12 02:20:15,31500.0,2900.0,30800.0
934,2021-10-12 02:19:37,31500.0,400.0,27900.0
935,2021-10-12 02:19:37,31500.0,1800.0,27500.0
936,2021-10-12 02:19:37,31500.0,500.0,25700.0
937,2021-10-12 02:19:37,31500.0,2000.0,25200.0
938,2021-10-12 02:19:37,31500.0,1000.0,23200.0
939,2021-10-12 02:19:37,31500.0,1000.0,22200.0
940,2021-10-12 02:19:37,31500.0,600.0,21200.0
941,2021-10-12 02:19:37,31600.0,200.0,20600.0
942,2021-10-12 02:18:52,31700.0,200.0,20400.0
943,2021-10-12 02:17:52,31700.0,2000.0,20200.0
944,2021-10-12 02:17:49,31700.0,300.0,18200.0
945,2021-10-12 02:17:48,31700.0,200.0,17900.0
946,2021-10-12 02:17:37,31800.0,900.0,17700.0
947,2021-10-12 02:17:21,31800.0,1000.0,16800.0
948,2021-10-12 02:17:13,31800.0,1000.0,15800.0
949,2021-10-12 02:17:13,31800.0,600.0,14800.0
950,2021-10-12 02:17:07,31800.0,100.0,14200.0
951,2021-10-12 02:16:40,31800.0,600.0,14100.0
952,2021-10-12 02:16:00,31800.0,400.0,13500.0
953,2021-10-12 02:15:36,31800.0,600.0,13100.0
954,2021-10-12 02:15:36,31800.0,700.0,12500.0
955,2021-10-12 02:15:36,31800.0,200.0,11800.0
956,2021-10-12 02:15:36,31800.0,1000.0,11600.0
957,2021-10-12 02:15:36,31800.0,200.0,10600.0
958,2021-10-12 02:15:36,31800.0,100.0,10400.0
959,2021-10-12 02:15:36,31800.0,500.0,10300.0
960,2021-10-12 02:15:36,31800.0,1000.0,9800.0
961,2021-10-12 02:15:36,31800.0,100.0,8800.0
962,2021-10-12 02:15:36,31800.0,200.0,8700.0
963,2021-10-12 02:15:36,31800.0,100.0,8500.0
964,2021-10-12 02:15:36,31800.0,100.0,8400.0
965,2021-10-12 02:15:00,31950.0,400.0,8300.0
966,2021-10-12 02:15:00,31950.0,200.0,7900.0
967,2021-10-12 02:15:00,31950.0,500.0,7700.0
968,2021-10-12 02:15:00,31950.0,2200.0,7200.0
969,2021-10-12 02:15:00,31950.0,300.0,5000.0
970,2021-10-12 02:15:00,31950.0,1000.0,4700.0
971,2021-10-12 02:15:00,31950.0,100.0,3700.0
972,2021-10-12 02:15:00,31950.0,500.0,3600.0
973,2021-10-12 02:15:00,31950.0,100.0,3100.0
974,2021-10-12 02:15:00,31950.0,100.0,3000.0
975,2021-10-12 02:15:00,31950.0,600.0,2900.0
976,2021-10-12 02:15:00,31950.0,300.0,2300.0
977,2021-10-12 02:15:00,31950.0,2000.0,2000.0
