,level_0,index,Name,Ceiling_price,Floor_price,Local_price,Close,Change_price,Change_percent,Volume,High,Low,Foreign_investor_buy,Foregin_investor_sell,check
0,0,0,AAA,16.75,14.65,15.7,15.7,0.0,0.0,261630.0,15.9,15.65,1160.0,6150.0,False
1,1,1,AAM,11.7,10.2,10.95,11.25,0.3,2.7,270.0,11.4,10.95,0.0,0.0,False
2,2,2,AAT,23.6,20.6,22.1,22.0,-0.1,-0.5,45260.0,22.3,21.8,70.0,0.0,False
3,3,3,ABS,21.8,19.0,20.4,20.95,0.55,2.7,89760.0,21.75,20.5,0.0,0.0,False
4,4,4,ABT,34.1,29.7,31.9,32.0,0.1,0.3,340.0,32.1,31.9,0.0,0.0,False
5,5,5,ACB,33.5,29.2,31.35,31.55,0.2,0.6,439480.0,31.6,31.3,0.0,0.0,False
6,6,6,ACC,17.75,15.45,16.6,16.6,0.0,0.0,3060.0,16.8,16.5,30.0,0.0,False
7,7,7,ACL,13.5,11.8,12.65,12.65,0.0,0.0,7620.0,13.0,12.65,0.0,0.0,False
8,8,8,ADG,44.9,39.1,42.0,42.0,0.0,0.0,12120.0,42.2,41.8,10.0,0.0,False
9,9,9,ADS,37.5,32.6,35.05,37.3,2.25,6.4,93480.0,37.5,35.05,20.0,390.0,False
10,10,10,AGG,45.3,39.4,42.35,42.3,-0.05,-0.1,26310.0,42.85,42.25,690.0,0.0,False
11,11,11,AGM,38.05,33.15,35.6,36.5,0.9,2.5,2180.0,37.0,35.6,0.0,0.0,False
12,12,12,AGR,17.4,15.2,16.3,16.2,-0.1,-0.6,103030.0,16.55,16.2,50.0,2340.0,False
13,13,13,AMD,5.1,4.44,4.77,4.8,0.03,0.6,153420.0,4.95,4.76,1910.0,1050.0,False
14,14,14,ANV,30.45,26.55,28.5,28.65,0.15,0.5,22790.0,28.8,28.5,0.0,0.0,False
15,15,15,APC,24.55,21.35,22.95,23.35,0.4,1.7,3930.0,23.8,22.6,30.0,0.0,False
16,16,16,APG,18.7,16.3,17.5,18.7,1.2,6.9,135230.0,18.7,18.0,3640.0,30.0,False
17,17,17,APH,43.4,37.8,40.6,40.6,0.0,0.0,121040.0,40.85,40.05,350.0,500.0,False
18,18,18,ASG,30.8,26.8,28.8,28.3,-0.5,-1.7,4520.0,29.0,27.5,0.0,0.0,False
19,19,19,ASM,16.25,14.15,15.2,15.2,0.0,0.0,124190.0,15.4,15.1,30.0,17820.0,False
20,20,20,ASP,14.65,12.75,13.7,13.95,0.25,1.8,164470.0,14.65,13.5,80.0,0.0,False
21,21,21,AST,60.4,52.6,56.5,56.5,0.0,0.0,1170.0,56.5,55.8,10.0,50.0,False
22,22,22,BBC,65.2,56.8,61.0,63.4,2.4,3.9,20.0,63.4,63.4,20.0,0.0,False
23,23,23,BCE,15.05,13.15,14.1,14.05,-0.05,-0.4,60470.0,14.3,13.9,5660.0,110.0,False
24,24,24,BCG,19.15,16.65,17.9,18.05,0.15,0.8,224040.0,18.35,17.9,250.0,6270.0,False
25,25,25,BCM,47.5,41.3,44.4,44.6,0.2,0.5,3690.0,45.0,44.2,10.0,0.0,False
26,26,26,BFC,35.25,30.65,32.95,34.25,1.3,3.9,82130.0,34.85,33.0,0.0,1050.0,False
27,27,27,BHN,64.5,56.1,60.3,62.0,1.7,2.8,210.0,63.0,62.0,0.0,0.0,False
28,28,28,BIC,31.1,27.1,29.1,28.8,-0.3,-1.0,11130.0,29.1,28.25,4240.0,6110.0,False
29,29,29,BID,42.65,37.15,39.9,39.45,-0.45,-1.1,109730.0,40.0,39.35,1030.0,41010.0,False
30,30,30,BKG,10.9,9.49,10.2,10.2,0.0,0.0,65650.0,10.35,10.1,0.0,1350.0,False
31,31,31,BMC,34.0,29.6,31.8,31.5,-0.3,-0.9,39450.0,33.95,31.5,820.0,7780.0,False
32,32,32,BMI,43.95,38.25,41.1,40.9,-0.2,-0.5,91030.0,41.3,40.5,3040.0,430.0,False
33,33,33,BMP,56.4,49.15,52.8,52.8,0.0,0.0,6380.0,53.6,52.8,810.0,5460.0,False
34,34,34,BRC,16.35,14.25,15.3,15.45,0.15,1.0,430.0,15.5,15.0,0.0,20.0,False
35,35,35,BSI,28.75,25.05,26.9,26.8,-0.1,-0.4,38550.0,27.2,26.65,1680.0,5600.0,False
36,36,36,BTP,17.65,15.35,16.5,17.65,1.15,7.0,13180.0,17.65,16.3,0.0,0.0,False
37,37,37,BVH,62.0,54.0,58.0,58.4,0.4,0.7,158570.0,59.5,58.4,230.0,6300.0,False
38,38,38,BWE,42.45,36.95,39.7,40.7,1.0,2.5,28800.0,40.9,39.75,12480.0,660.0,False
39,39,39,C32,33.15,28.85,31.0,31.5,0.5,1.6,16950.0,31.85,31.2,50.0,180.0,False
40,40,40,C47,14.3,12.5,13.4,13.15,-0.25,-1.9,44220.0,13.6,13.0,960.0,100.0,False
41,41,41,CAV,64.7,56.3,60.5,60.6,0.1,0.2,300.0,64.0,60.5,10.0,0.0,False
42,42,42,CCL,15.15,13.25,14.2,14.0,-0.2,-1.4,45690.0,14.5,13.95,0.0,1770.0,False
43,43,43,CDC,15.7,13.7,14.7,14.7,0.0,0.0,730.0,14.8,14.7,560.0,0.0,False
44,44,44,CEE,14.4,12.6,13.5,13.5,0.0,0.0,20.0,13.5,13.5,0.0,0.0,False
45,45,51,CHP,20.5,17.9,19.2,19.2,0.0,0.0,1820.0,19.25,19.0,0.0,0.0,False
46,46,56,CIG,7.9,6.88,7.39,7.08,-0.31,-4.2,7950.0,7.59,7.08,0.0,0.0,False
47,47,57,CII,18.8,16.4,17.6,17.75,0.15,0.9,185260.0,18.0,17.55,1640.0,2700.0,False
48,48,62,CKG,26.1,22.7,24.4,24.3,-0.1,-0.4,67300.0,24.5,24.0,0.0,340.0,False
49,49,63,CLC,38.25,33.25,35.75,35.75,0.0,0.0,1110.0,35.95,35.3,220.0,0.0,False
50,50,64,CLL,39.2,34.1,36.65,36.85,0.2,0.5,1330.0,37.5,36.7,0.0,50.0,False
51,51,68,CMG,63.0,54.8,58.9,58.8,-0.1,-0.2,4470.0,58.9,58.0,180.0,750.0,False
52,52,73,CMV,14.65,12.75,13.7,13.7,0.0,0.0,530.0,13.7,13.7,120.0,0.0,False
53,53,78,CMX,14.25,12.45,13.35,13.55,0.2,1.5,9930.0,13.65,13.4,0.0,0.0,False
54,54,79,CNG,38.15,33.25,35.7,36.0,0.3,0.8,68750.0,36.7,34.7,2750.0,930.0,False
55,55,84,CRC,11.55,10.05,10.8,11.15,0.35,3.2,30900.0,11.15,10.6,650.0,310.0,False
56,56,85,CRE,32.9,28.6,30.75,30.9,0.15,0.5,120880.0,31.5,30.75,0.0,0.0,False
57,57,86,CSM,19.0,16.6,17.8,18.0,0.2,1.1,4080.0,18.0,17.6,0.0,150.0,False
58,58,91,CSV,57.9,50.5,54.2,52.8,-1.4,-2.6,61010.0,54.5,52.8,10.0,4230.0,False
59,59,97,CTD,73.2,63.8,68.5,68.1,-0.4,-0.6,9270.0,68.7,67.8,70.0,0.0,False
60,60,98,CTF,21.25,18.55,19.9,19.95,0.05,0.3,32010.0,19.95,19.8,0.0,210.0,False
61,61,99,CTG,32.5,28.3,30.4,30.4,0.0,0.0,671700.0,30.85,30.4,204460.0,116530.0,False
62,62,100,CTI,16.95,14.75,15.85,15.9,0.05,0.3,49930.0,16.2,15.9,50.0,0.0,False
63,63,101,CTS,28.85,25.15,27.0,27.1,0.1,0.4,31090.0,27.5,27.05,20.0,20.0,False
64,64,121,D2D,56.2,48.95,52.6,53.0,0.4,0.8,5790.0,53.4,52.5,10.0,10.0,False
65,65,122,DAG,6.48,5.64,6.06,6.12,0.06,1.0,37580.0,6.24,6.05,120.0,0.0,False
66,66,123,DAH,9.18,7.98,8.58,8.88,0.3,3.5,37440.0,8.88,8.58,0.0,0.0,False
67,67,124,DAT,27.9,24.3,26.1,27.3,1.2,4.6,30.0,27.3,25.0,0.0,0.0,False
68,68,125,DBC,61.6,53.6,57.6,57.4,-0.2,-0.3,101360.0,58.7,57.2,430.0,34980.0,False
69,69,126,DBD,51.0,44.45,47.75,47.85,0.1,0.2,4850.0,47.95,47.5,120.0,10.0,False
70,70,127,DBT,16.35,14.25,15.3,15.4,0.1,0.7,4060.0,15.7,15.2,0.0,0.0,False
71,71,128,DC4,14.15,12.35,13.25,13.6,0.35,2.6,18780.0,13.6,13.35,0.0,0.0,False
72,72,129,DCL,37.45,32.55,35.0,35.8,0.8,2.3,3620.0,36.7,35.0,0.0,0.0,False
73,73,130,DCM,26.45,23.05,24.75,26.45,1.7,6.9,1052010.0,26.45,24.9,153090.0,14680.0,False
74,74,131,DGC,153.1,133.1,143.1,150.9,7.8,5.5,82820.0,152.0,143.2,5090.0,2500.0,False
75,75,132,DGW,121.1,105.3,113.2,118.7,5.5,4.9,99230.0,120.8,113.2,21190.0,430.0,False
76,76,133,DHA,52.0,45.25,48.65,48.5,-0.15,-0.3,5920.0,48.8,48.4,450.0,0.0,False
77,77,134,DHC,89.6,78.0,83.8,83.0,-0.8,-1.0,20750.0,86.0,82.7,4720.0,1910.0,False
78,78,135,DHG,105.2,91.6,98.4,99.9,1.5,1.5,780.0,100.9,98.8,0.0,0.0,False
79,79,136,DHM,13.6,11.9,12.75,13.05,0.3,2.4,24400.0,13.1,12.8,370.0,0.0,False
80,80,137,DIG,33.15,28.85,31.0,31.0,0.0,0.0,355540.0,32.0,30.95,0.0,300.0,False
81,81,138,DLG,4.28,3.72,4.0,4.1,0.1,2.5,905820.0,4.19,3.93,1730.0,23040.0,False
82,82,139,DMC,63.7,55.5,59.6,60.0,0.4,0.7,5540.0,62.0,59.6,50.0,0.0,False
83,83,140,DPG,57.5,50.1,53.8,53.8,0.0,0.0,80020.0,55.0,52.0,2440.0,2880.0,False
84,84,141,DPM,37.9,33.0,35.45,36.8,1.35,3.8,938110.0,37.35,35.35,360.0,85150.0,False
85,85,142,DPR,74.3,64.7,69.5,68.8,-0.7,-1.0,4510.0,69.7,68.6,360.0,0.0,False
86,86,143,DQC,24.05,20.95,22.5,22.85,0.35,1.6,4470.0,22.9,22.25,0.0,0.0,False
87,87,144,DRC,34.45,29.95,32.2,32.2,0.0,0.0,90570.0,32.7,32.1,12770.0,8020.0,False
88,88,145,DRH,16.85,14.65,15.75,15.9,0.15,1.0,236320.0,16.85,15.5,12710.0,3010.0,False
89,89,146,DRL,66.3,57.7,62.0,60.6,-1.4,-2.3,350.0,62.2,60.6,170.0,0.0,False
90,90,147,DSN,47.5,41.3,44.4,44.0,-0.4,-0.9,1330.0,44.5,44.0,40.0,0.0,False
91,91,148,DTA,18.9,16.5,17.7,18.8,1.1,6.2,10030.0,18.8,17.35,0.0,0.0,False
92,92,149,DTL,39.05,33.95,36.5,36.0,-0.5,-1.4,50.0,36.0,36.0,0.0,0.0,False
93,93,150,DVP,58.5,50.9,54.7,56.5,1.8,3.3,13590.0,57.4,55.5,5280.0,3140.0,False
94,94,151,DXG,20.35,17.75,19.05,19.1,0.05,0.3,199520.0,19.25,19.0,11860.0,410.0,False
95,95,152,DXS,30.4,26.5,28.45,28.6,0.15,0.5,28970.0,28.8,28.35,18430.0,4170.0,False
96,96,153,DXV,5.02,4.38,4.7,4.97,0.27,5.7,2370.0,4.98,4.71,30.0,0.0,False
97,97,155,EIB,25.1,21.9,23.5,23.6,0.1,0.4,12260.0,24.0,23.2,560.0,1180.0,False
98,98,156,ELC,27.8,24.2,26.0,26.95,0.95,3.7,99150.0,27.2,26.0,1040.0,2600.0,False
99,99,157,EMC,18.5,16.1,17.3,18.4,1.1,6.4,10.0,18.4,18.4,0.0,0.0,False
100,100,158,EVE,19.25,16.75,18.0,17.9,-0.1,-0.6,4740.0,18.35,17.55,1790.0,120.0,False
101,101,159,EVG,12.15,10.65,11.4,12.15,0.75,6.6,116090.0,12.15,11.4,0.0,0.0,False
102,102,160,FCM,7.81,6.79,7.3,7.38,0.08,1.1,20350.0,7.54,7.3,0.0,210.0,False
103,103,161,FCN,14.95,13.05,14.0,13.9,-0.1,-0.7,167040.0,14.2,13.85,0.0,10.0,False
104,104,162,FDC,14.3,12.5,13.4,13.4,0.0,0.0,1580.0,14.2,12.8,0.0,0.0,False
105,105,163,FIR,40.95,35.65,38.3,38.4,0.1,0.3,27310.0,38.6,38.3,0.0,0.0,False
106,106,164,FIT,13.8,12.0,12.9,12.65,-0.25,-1.9,591150.0,12.95,12.4,0.0,0.0,False
107,107,165,FLC,11.6,10.1,10.85,10.85,0.0,0.0,902720.0,10.95,10.7,4320.0,14010.0,False
108,108,166,FMC,53.0,46.15,49.6,49.5,-0.1,-0.2,13300.0,49.6,49.0,0.0,510.0,False
109,109,167,FPT,99.7,86.7,93.2,93.0,-0.2,-0.2,99690.0,93.9,93.0,2000.0,2230.0,False
110,110,168,FRT,48.55,42.25,45.4,47.55,2.15,4.7,373050.0,47.9,45.8,17040.0,10990.0,False
111,111,169,FTM,4.37,3.81,4.09,4.07,-0.02,-0.5,41160.0,4.2,3.9,100.0,200.0,False
112,112,170,FTS,60.8,53.0,56.9,55.5,-1.4,-2.5,32470.0,57.2,55.5,90.0,3780.0,False
113,113,179,GAB,209.2,182.0,195.6,195.4,-0.2,-0.1,20.0,195.5,195.4,0.0,10.0,False
114,114,180,GAS,103.5,90.1,96.8,97.0,0.2,0.2,124490.0,97.2,95.6,21460.0,1350.0,False
115,115,181,GDT,58.5,50.9,54.7,57.0,2.3,4.2,4360.0,58.0,54.9,1710.0,160.0,False
116,116,182,GEG,19.45,16.95,18.2,18.3,0.1,0.5,76400.0,18.5,18.2,7390.0,0.0,False
117,117,183,GEX,24.7,21.5,23.1,23.1,0.0,0.0,254800.0,23.7,22.95,3820.0,101850.0,False
118,118,184,GIL,71.1,61.9,66.5,66.4,-0.1,-0.2,20420.0,66.9,66.0,1570.0,770.0,False
119,119,185,GMC,30.65,26.65,28.65,28.05,-0.6,-2.1,70.0,28.1,28.05,0.0,0.0,False
120,120,186,GMD,52.0,45.25,48.65,49.6,0.95,2.0,123210.0,50.2,48.7,4360.0,0.0,False
121,121,187,GSP,17.15,14.95,16.05,15.8,-0.25,-1.6,30980.0,16.25,15.75,0.0,0.0,False
122,122,188,GTA,17.75,15.45,16.6,16.8,0.2,1.2,2540.0,17.35,16.6,0.0,0.0,False
123,123,189,GTN,19.7,17.2,18.45,18.45,0.0,0.0,32590.0,18.75,18.3,100.0,40.0,False
124,124,190,GVR,38.5,33.5,36.0,35.9,-0.1,-0.3,171880.0,36.5,35.9,410.0,3320.0,False
125,125,191,HAG,5.42,4.72,5.07,5.06,-0.01,-0.2,329090.0,5.13,5.05,150.0,4650.0,False
126,126,192,HAH,64.8,56.4,60.6,63.3,2.7,4.5,166730.0,63.7,60.4,6620.0,14050.0,False
127,127,193,HAI,4.54,3.96,4.25,4.3,0.05,1.2,151930.0,4.38,4.26,750.0,0.0,False
128,128,194,HAP,14.55,12.65,13.6,13.5,-0.1,-0.7,21310.0,13.8,13.3,1220.0,100.0,False
129,129,195,HAR,5.46,4.76,5.11,5.26,0.15,2.9,52370.0,5.33,5.11,150.0,2470.0,False
130,130,196,HAX,20.7,18.0,19.35,19.35,0.0,0.0,28370.0,19.65,19.1,620.0,10180.0,False
131,131,197,HBC,17.0,14.8,15.9,15.7,-0.2,-1.3,460190.0,15.95,15.65,1880.0,21150.0,False
132,132,198,HCD,9.94,8.64,9.29,9.72,0.43,4.6,47580.0,9.9,9.55,2250.0,1800.0,False
133,133,199,HCM,56.2,48.95,52.6,52.0,-0.6,-1.1,272540.0,53.2,52.0,5970.0,330.0,False
134,134,200,HDB,27.15,23.65,25.4,25.4,0.0,0.0,245210.0,25.5,25.2,32630.0,189280.0,False
135,135,201,HDC,76.7,66.7,71.7,73.6,1.9,2.6,49830.0,75.0,71.3,460.0,50.0,False
136,136,202,HDG,62.1,54.1,58.1,58.0,-0.1,-0.2,128910.0,59.0,56.4,4740.0,16770.0,False
137,137,203,HHP,13.0,11.3,12.15,12.35,0.2,1.6,19790.0,12.6,12.15,0.0,0.0,False
138,138,204,HHS,7.08,6.16,6.62,6.63,0.01,0.2,145090.0,6.8,6.58,750.0,370.0,False
139,139,205,HID,7.16,6.24,6.7,6.78,0.08,1.2,57670.0,6.88,6.69,1530.0,40.0,False
140,140,206,HII,18.9,16.5,17.7,17.85,0.15,0.8,57170.0,18.1,17.7,1190.0,0.0,False
141,141,207,HMC,30.15,26.25,28.2,28.3,0.1,0.4,9830.0,28.45,28.0,290.0,70.0,False
142,142,208,HNG,7.7,6.7,7.2,7.22,0.02,0.3,259450.0,7.3,7.21,7380.0,560.0,False
143,143,209,HPG,57.0,49.6,53.3,52.9,-0.4,-0.8,2314850.0,53.7,52.8,217400.0,561000.0,False
144,144,210,HPX,34.95,30.45,32.7,32.0,-0.7,-2.1,37740.0,32.95,31.65,0.0,380.0,False
145,145,211,HQC,3.76,3.28,3.52,3.53,0.01,0.3,578810.0,3.6,3.52,3660.0,7140.0,False
146,146,212,HRC,65.9,57.3,61.6,65.8,4.2,6.8,10.0,65.8,65.8,0.0,0.0,False
147,147,213,HSG,49.1,42.7,45.9,46.5,0.6,1.3,966730.0,47.2,46.05,137650.0,1930.0,False
148,148,214,HSL,7.69,6.69,7.19,7.2,0.01,0.1,2830.0,7.41,7.12,800.0,0.0,False
149,149,215,HT1,24.9,21.7,23.3,23.2,-0.1,-0.4,390570.0,23.7,22.95,8390.0,5230.0,False
150,150,216,HTI,20.25,17.65,18.95,18.75,-0.2,-1.1,12500.0,19.1,18.65,10.0,30.0,False
151,151,217,HTN,45.35,39.45,42.4,42.6,0.2,0.5,13000.0,42.9,42.4,140.0,0.0,False
152,152,218,HTV,16.7,14.6,15.65,15.65,0.0,0.0,1250.0,15.75,15.65,0.0,0.0,False
153,153,219,HU1,12.45,10.85,11.65,11.6,-0.05,-0.4,10.0,11.6,11.6,0.0,0.0,False
154,154,220,HU3,8.39,7.31,7.85,7.85,0.0,0.0,350.0,7.85,7.85,0.0,0.0,False
155,155,221,HUB,29.3,25.5,27.4,27.9,0.5,1.8,9260.0,29.1,27.4,210.0,0.0,False
156,156,222,HVH,10.35,9.01,9.68,9.72,0.04,0.4,71330.0,9.8,9.65,150.0,470.0,False
157,157,223,HVN,26.2,22.8,24.5,25.0,0.5,2.0,61120.0,25.2,24.5,3700.0,5770.0,False
158,158,224,HVX,8.48,7.38,7.93,8.48,0.55,6.9,10900.0,8.48,8.48,0.0,0.0,False
159,159,225,IBC,23.4,20.4,21.9,21.9,0.0,0.0,13390.0,22.1,21.0,0.0,30.0,False
160,160,226,ICT,24.15,21.05,22.6,22.6,0.0,0.0,7410.0,23.6,22.35,0.0,0.0,False
161,161,227,IDI,7.53,6.55,7.04,7.03,-0.01,-0.1,170550.0,7.25,7.02,60.0,520.0,False
162,162,228,IJC,29.7,25.9,27.8,27.85,0.05,0.2,253920.0,28.4,27.85,19040.0,0.0,False
163,163,229,ILB,34.0,29.6,31.8,32.9,1.1,3.5,7620.0,33.3,31.6,0.0,0.0,False
164,164,230,IMP,78.0,67.8,72.9,73.0,0.1,0.1,1560.0,73.0,72.8,0.0,0.0,False
165,165,231,ITA,7.71,6.71,7.21,7.19,-0.02,-0.3,651730.0,7.34,7.19,510.0,2000.0,False
166,166,232,ITC,16.05,13.95,15.0,15.35,0.35,2.3,68540.0,15.6,15.0,0.0,0.0,False
167,167,233,ITD,22.1,19.3,20.7,21.1,0.4,1.9,43420.0,21.5,20.5,700.0,50.0,False
168,168,234,JVC,7.07,6.15,6.61,6.73,0.12,1.8,172600.0,6.85,6.62,5920.0,830.0,False
169,169,235,KBC,46.8,40.7,43.75,43.5,-0.25,-0.6,476630.0,44.2,43.35,2160.0,28460.0,False
170,170,236,KDC,62.3,54.3,58.3,58.3,0.0,0.0,106640.0,58.3,57.5,180.0,100.0,False
171,171,237,KDH,44.5,38.7,41.6,41.6,0.0,0.0,96540.0,41.9,41.45,12350.0,26020.0,False
172,172,238,KHG,14.65,12.75,13.7,14.1,0.4,2.9,101340.0,14.6,13.6,20.0,0.0,False
173,173,239,KHP,7.65,6.65,7.15,7.29,0.14,2.0,9590.0,7.31,7.1,20.0,0.0,False
174,174,240,KMR,8.23,7.17,7.7,7.7,0.0,0.0,15690.0,8.0,7.65,0.0,1690.0,False
175,175,241,KOS,32.5,28.3,30.4,30.45,0.05,0.2,22770.0,31.4,30.15,0.0,440.0,False
176,176,242,KPF,17.65,15.35,16.5,16.4,-0.1,-0.6,18230.0,16.45,16.2,0.0,0.0,False
177,177,243,KSB,36.35,31.65,34.0,33.9,-0.1,-0.3,96460.0,34.8,33.8,30.0,7180.0,False
178,178,244,L10,20.75,18.05,19.4,19.4,0.0,0.0,120.0,19.4,19.4,0.0,0.0,False
179,179,245,LAF,16.15,14.05,15.1,15.1,0.0,0.0,10.0,15.1,15.1,0.0,0.0,False
180,180,246,LBM,68.9,59.9,64.4,64.4,0.0,0.0,130.0,64.4,63.7,130.0,0.0,False
181,181,247,LCG,20.05,17.45,18.75,18.5,-0.25,-1.3,325030.0,18.85,18.35,1550.0,6660.0,False
182,182,248,LCM,3.34,2.92,3.13,3.15,0.02,0.6,8880.0,3.3,3.1,0.0,100.0,False
183,183,249,LDG,7.39,6.43,6.91,7.22,0.31,4.5,441160.0,7.3,6.91,190.0,5070.0,False
184,184,250,LGC,52.5,45.7,49.1,50.0,0.9,1.8,120.0,50.0,49.1,0.0,0.0,False
185,185,251,LGL,7.99,6.95,7.47,7.49,0.02,0.3,10810.0,7.49,7.32,0.0,900.0,False
186,186,252,LHG,51.8,45.1,48.45,48.9,0.45,0.9,19160.0,49.4,48.45,1220.0,0.0,False
187,187,253,LIX,59.9,52.1,56.0,56.9,0.9,1.6,1290.0,57.0,56.5,0.0,360.0,False
188,188,254,LM8,12.75,11.15,11.95,12.05,0.1,0.8,1060.0,12.1,11.6,0.0,0.0,False
189,189,255,LPB,23.2,20.2,21.7,21.65,-0.05,-0.2,270880.0,21.85,21.65,3900.0,2070.0,False
190,190,256,LSS,15.6,13.6,14.6,14.6,0.0,0.0,47360.0,14.85,14.4,620.0,1550.0,False
191,191,257,MBB,29.7,25.9,27.8,27.85,0.05,0.2,664460.0,28.15,27.75,89570.0,142830.0,False
192,192,258,MCG,4.25,3.71,3.98,4.25,0.27,6.8,27390.0,4.25,4.25,0.0,0.0,False
193,193,259,MDG,13.35,11.65,12.5,12.5,0.0,0.0,50.0,12.5,12.5,0.0,0.0,False
194,194,260,MHC,12.0,10.5,11.25,11.25,0.0,0.0,85540.0,11.6,11.25,30.0,500.0,False
195,195,261,MIG,27.3,23.8,25.55,25.75,0.2,0.8,50290.0,26.0,25.3,1990.0,0.0,False
196,196,262,MSB,31.55,27.45,29.5,29.3,-0.2,-0.7,348010.0,29.55,29.0,120.0,0.0,False
197,197,263,MSH,89.9,78.3,84.1,84.1,0.0,0.0,7840.0,85.0,84.1,280.0,80.0,False
198,198,264,MSN,150.8,131.2,141.0,142.6,1.6,1.1,75460.0,144.4,141.0,29480.0,17460.0,False
199,199,265,MWG,136.7,118.9,127.8,127.8,0.0,0.0,104440.0,129.0,126.7,42530.0,42530.0,False
200,200,266,NAF,33.55,29.25,31.4,31.2,-0.2,-0.6,87640.0,31.4,30.45,20.0,1660.0,False
201,201,267,NAV,19.75,17.25,18.5,18.5,0.0,0.0,10.0,18.5,18.5,0.0,0.0,False
202,202,268,NBB,37.2,32.4,34.8,34.8,0.0,0.0,15660.0,35.0,33.3,270.0,220.0,False
203,203,269,NCT,88.9,77.3,83.1,83.6,0.5,0.6,1470.0,85.0,83.5,370.0,80.0,False
204,204,270,NHA,34.85,30.35,32.6,31.8,-0.8,-2.5,19700.0,33.3,31.8,0.0,0.0,False
205,205,271,NHH,39.3,34.2,36.75,37.3,0.55,1.5,74890.0,38.5,36.35,200.0,650.0,False
206,206,272,NKG,47.0,40.9,43.95,44.25,0.3,0.7,589460.0,44.95,43.9,320.0,28190.0,False
207,207,273,NLG,44.85,39.05,41.95,41.95,0.0,0.0,179170.0,42.5,41.85,50070.0,82370.0,False
208,208,274,NNC,30.85,26.85,28.85,28.6,-0.25,-0.9,4430.0,29.0,28.55,90.0,0.0,False
209,209,275,NSC,87.7,76.3,82.0,83.0,1.0,1.2,1080.0,83.0,81.9,680.0,0.0,False
210,210,276,NT2,22.25,19.35,20.8,20.6,-0.2,-1.0,57380.0,20.95,20.4,40.0,40.0,False
211,211,277,NTL,35.2,30.6,32.9,33.1,0.2,0.6,66380.0,33.8,33.0,15620.0,2210.0,False
212,212,278,NVL,109.1,94.9,102.0,102.0,0.0,0.0,95560.0,102.0,101.5,4220.0,17270.0,False
213,213,279,NVT,10.0,8.74,9.39,9.5,0.11,1.2,1980.0,9.5,9.4,0.0,0.0,False
214,214,280,OCB,25.45,22.15,23.8,23.9,0.1,0.4,230710.0,24.5,23.6,0.0,0.0,False
215,215,281,OGC,6.74,5.86,6.3,6.28,-0.02,-0.3,18250.0,6.39,6.28,100.0,0.0,False
216,216,282,OPC,60.9,53.1,57.0,57.0,0.0,0.0,300.0,57.0,56.0,0.0,0.0,False
217,217,283,PAC,41.5,36.1,38.8,40.5,1.7,4.4,2300.0,40.5,38.8,0.0,0.0,False
218,218,284,PAN,29.65,25.85,27.75,28.0,0.25,0.9,77110.0,28.5,27.8,440.0,310.0,False
219,219,285,PC1,40.2,35.0,37.6,38.7,1.1,2.9,290380.0,38.95,37.6,7850.0,33160.0,False
220,220,286,PDR,86.8,75.6,81.2,81.8,0.6,0.7,305500.0,81.8,80.6,8690.0,840.0,False
221,221,287,PET,28.2,24.6,26.4,26.8,0.4,1.5,163490.0,27.8,26.1,540.0,9010.0,False
222,222,288,PGC,28.4,24.7,26.55,27.3,0.75,2.8,21180.0,28.4,26.8,80.0,430.0,False
223,223,289,PGD,46.0,40.0,43.0,43.0,0.0,0.0,2330.0,43.2,40.5,20.0,300.0,False
224,224,290,PGI,28.85,25.15,27.0,26.25,-0.75,-2.8,740.0,26.5,26.25,50.0,100.0,False
225,225,291,PHC,17.65,15.35,16.5,16.9,0.4,2.4,13130.0,17.3,16.7,310.0,280.0,False
226,226,292,PHR,56.0,48.75,52.4,52.5,0.1,0.2,21860.0,53.1,52.3,9640.0,40.0,False
227,227,293,PIT,6.95,6.05,6.5,6.26,-0.24,-3.7,1530.0,6.5,6.1,0.0,0.0,False
228,228,294,PJT,13.05,11.35,12.2,12.3,0.1,0.8,1160.0,12.4,12.0,0.0,0.0,False
229,229,295,PLP,14.65,12.75,13.7,13.95,0.25,1.8,69890.0,14.35,13.9,7210.0,0.0,False
230,230,296,PLX,55.6,48.4,52.0,51.6,-0.4,-0.8,96910.0,52.4,51.5,2260.0,1600.0,False
231,231,297,PME,88.2,76.8,82.5,82.5,0.0,0.0,20.0,82.5,82.5,0.0,0.0,False
232,232,298,PMG,16.65,14.55,15.6,15.9,0.3,1.9,150.0,15.9,15.6,0.0,0.0,False
233,233,299,PNC,9.63,8.37,9.0,9.0,0.0,0.0,10.0,9.0,9.0,0.0,0.0,False
234,234,300,PNJ,99.8,86.8,93.3,98.7,5.4,5.8,178880.0,98.7,93.0,57560.0,47040.0,False
235,235,301,POM,17.7,15.4,16.55,16.55,0.0,0.0,16240.0,17.0,16.5,170.0,0.0,False
236,236,302,POW,12.8,11.2,12.0,11.95,-0.05,-0.4,927530.0,12.25,11.85,31400.0,51930.0,False
237,237,303,PPC,24.7,21.5,23.1,22.95,-0.15,-0.6,19090.0,23.15,22.95,990.0,1400.0,False
238,238,304,PSH,19.35,16.85,18.1,17.5,-0.6,-3.3,566880.0,18.6,16.85,0.0,0.0,False
239,239,305,PTB,116.3,101.1,108.7,111.5,2.8,2.6,47630.0,111.9,108.0,5770.0,1070.0,False
240,240,306,PTL,7.41,6.45,6.93,7.09,0.16,2.3,14250.0,7.09,6.86,0.0,0.0,False
241,241,307,PVD,23.75,20.65,22.2,22.8,0.6,2.7,1023270.0,23.15,22.15,1280.0,14850.0,False
242,242,308,PVT,24.7,21.5,23.1,23.1,0.0,0.0,233200.0,23.45,23.05,9470.0,7790.0,False
243,243,309,PXI,3.95,3.45,3.7,3.69,-0.01,-0.3,8310.0,3.8,3.62,0.0,0.0,False
244,244,310,PXS,7.49,6.51,7.0,7.0,0.0,0.0,94350.0,7.18,6.83,0.0,0.0,False
245,245,311,QBS,4.76,4.14,4.45,4.14,-0.31,-7.0,333140.0,4.5,4.14,0.0,0.0,False
246,246,312,QCG,7.38,6.42,6.9,7.09,0.19,2.8,35080.0,7.38,6.89,700.0,360.0,False
247,247,313,RAL,215.0,187.0,201.0,202.9,1.9,0.9,2190.0,203.9,200.5,220.0,0.0,False
248,248,314,RDP,13.7,12.0,12.85,12.3,-0.55,-4.3,9370.0,13.0,12.0,0.0,0.0,False
249,249,315,REE,69.6,60.6,65.1,65.2,0.1,0.2,54980.0,65.3,64.2,0.0,0.0,False
250,250,316,RIC,20.75,18.05,19.4,20.0,0.6,3.1,310.0,20.0,19.0,110.0,0.0,False
251,251,317,ROS,5.58,4.86,5.22,5.25,0.03,0.6,503160.0,5.28,5.2,960.0,9720.0,False
252,252,318,SAB,167.7,145.9,156.8,156.4,-0.4,-0.3,8000.0,157.0,156.2,4130.0,5890.0,False
253,253,319,SAM,12.55,10.95,11.75,11.3,-0.45,-3.8,31680.0,12.0,11.3,0.0,190.0,False
254,254,320,SAV,29.15,25.35,27.25,27.0,-0.25,-0.9,1240.0,27.45,26.9,0.0,0.0,False
255,255,321,SBA,18.65,16.25,17.45,17.7,0.25,1.4,1480.0,17.7,17.4,0.0,0.0,False
256,256,322,SBT,22.4,19.5,20.95,21.05,0.1,0.5,228010.0,21.5,20.95,0.0,1000.0,False
257,257,323,SBV,16.55,14.45,15.5,15.25,-0.25,-1.6,3500.0,15.45,15.2,0.0,0.0,False
258,258,324,SC5,29.3,25.5,27.4,27.25,-0.15,-0.5,100.0,27.4,25.8,0.0,0.0,False
259,259,325,SCD,20.4,17.8,19.1,19.1,0.0,0.0,110.0,19.1,19.1,0.0,0.0,False
260,260,326,SCR,13.2,11.5,12.35,12.45,0.1,0.8,706780.0,12.8,12.3,0.0,18220.0,False
261,261,327,SCS,145.3,126.3,135.8,136.5,0.7,0.5,2690.0,137.4,135.9,1510.0,2500.0,False
262,262,328,SFG,13.15,11.45,12.3,12.5,0.2,1.6,4760.0,12.65,12.1,0.0,0.0,False
263,263,329,SFI,53.7,46.7,50.2,49.5,-0.7,-1.4,1270.0,50.2,49.5,0.0,0.0,False
264,264,330,SGN,74.7,65.1,69.9,69.1,-0.8,-1.1,30.0,69.9,69.1,0.0,10.0,False
265,265,331,SGR,23.7,20.6,22.15,22.15,0.0,0.0,940.0,22.5,22.15,0.0,0.0,False
266,266,332,SGT,33.5,29.2,31.35,30.0,-1.35,-4.3,23410.0,31.7,30.0,540.0,360.0,False
267,267,333,SHA,8.61,7.49,8.05,8.05,0.0,0.0,42940.0,8.19,7.98,0.0,0.0,False
268,268,334,SHI,16.65,14.55,15.6,16.2,0.6,3.8,21810.0,16.5,15.85,200.0,0.0,False
269,269,335,SHP,25.1,21.9,23.5,24.0,0.5,2.1,20.0,24.0,24.0,0.0,0.0,False
270,270,336,SII,17.85,15.55,16.7,15.85,-0.85,-5.1,40.0,15.85,15.85,0.0,0.0,False
271,271,337,SJD,19.9,17.3,18.6,19.45,0.85,4.6,99190.0,19.5,18.6,0.0,40.0,False
272,272,338,SJF,7.86,6.84,7.35,7.45,0.1,1.4,209750.0,7.7,7.0,80.0,7970.0,False
273,273,339,SJS,66.5,57.9,62.2,61.8,-0.4,-0.6,2600.0,62.2,61.6,0.0,160.0,False
274,274,340,SKG,15.7,13.7,14.7,14.8,0.1,0.7,44830.0,15.0,14.7,6000.0,90.0,False
275,275,341,SMB,43.35,37.75,40.55,40.8,0.25,0.6,960.0,40.8,40.55,0.0,0.0,False
276,276,342,SMC,53.2,46.35,49.8,49.95,0.15,0.3,40300.0,50.6,49.8,180.0,1740.0,False
277,277,343,SPM,21.7,18.9,20.3,20.6,0.3,1.5,1270.0,20.9,20.0,0.0,0.0,False
278,278,344,SRC,21.6,18.8,20.2,20.4,0.2,1.0,1880.0,20.9,20.2,290.0,0.0,False
279,279,345,SRF,14.4,12.6,13.5,13.0,-0.5,-3.7,1000.0,13.3,12.8,0.0,0.0,False
280,280,346,SSB,38.35,33.35,35.85,35.85,0.0,0.0,269410.0,35.95,35.2,0.0,0.0,False
281,281,347,SSC,46.8,40.7,43.75,41.5,-2.25,-5.1,10.0,41.5,41.5,0.0,0.0,False
282,282,348,SSI,42.9,37.3,40.1,40.65,0.55,1.4,436560.0,40.7,40.1,87760.0,77730.0,False
283,283,349,STB,27.6,24.0,25.8,25.7,-0.1,-0.4,1010300.0,26.15,25.7,60640.0,14550.0,False
284,284,350,STG,27.0,23.5,25.25,26.1,0.85,3.4,3680.0,26.1,25.25,0.0,0.0,False
285,285,351,STK,51.5,44.85,48.2,48.2,0.0,0.0,2420.0,48.6,47.0,110.0,1590.0,False
286,286,352,SVC,85.4,74.4,79.9,81.0,1.1,1.4,140.0,81.0,79.9,0.0,10.0,False
287,287,353,SVD,10.65,9.28,9.97,9.67,-0.3,-3.0,9990.0,10.0,9.6,0.0,40.0,False
288,288,354,SVT,19.25,16.75,18.0,18.0,0.0,0.0,29520.0,18.2,16.75,240.0,0.0,False
289,289,355,SZC,50.0,43.55,46.8,47.0,0.2,0.4,39780.0,47.5,47.0,180.0,4000.0,False
290,290,356,SZL,55.2,48.0,51.6,51.5,-0.1,-0.2,250.0,51.9,51.3,0.0,0.0,False
291,291,357,TAC,57.9,50.5,54.2,57.0,2.8,5.2,1750.0,57.0,54.3,1700.0,0.0,False
292,292,358,TBC,31.45,27.35,29.4,29.4,0.0,0.0,460.0,29.4,29.2,0.0,130.0,False
293,293,359,TCB,52.8,45.95,49.4,49.6,0.2,0.4,527510.0,50.4,49.6,0.0,0.0,False
294,294,360,TCD,28.85,25.15,27.0,27.0,0.0,0.0,74490.0,27.7,27.0,2710.0,0.0,False
295,295,361,TCH,19.0,16.6,17.8,17.85,0.05,0.3,972990.0,17.85,17.4,10.0,26950.0,False
296,296,362,TCL,40.8,35.5,38.15,38.45,0.3,0.8,7870.0,38.8,38.3,600.0,40.0,False
297,297,363,TCM,69.3,60.3,64.8,64.8,0.0,0.0,54420.0,65.9,63.5,860.0,0.0,False
298,298,364,TCO,32.1,27.9,30.0,29.6,-0.4,-1.3,23680.0,30.4,29.2,0.0,30.0,False
299,299,365,TCR,5.07,4.41,4.74,4.55,-0.19,-4.0,5940.0,4.75,4.45,0.0,0.0,False
300,300,366,TCT,32.6,28.4,30.5,30.05,-0.45,-1.5,1810.0,30.5,30.0,0.0,0.0,False
301,301,367,TDC,23.2,20.2,21.7,21.5,-0.2,-0.9,32140.0,22.3,21.5,0.0,340.0,False
302,302,368,TDG,6.91,6.01,6.46,6.51,0.05,0.8,25650.0,6.77,6.47,190.0,1130.0,False
303,303,369,TDH,12.05,10.55,11.3,12.05,0.75,6.6,440180.0,12.05,11.6,8350.0,420.0,False
304,304,370,TDM,31.4,27.3,29.35,29.65,0.3,1.0,31990.0,29.7,29.35,0.0,0.0,False
305,305,371,TDP,28.8,25.1,26.95,27.0,0.05,0.2,3260.0,27.0,26.2,0.0,10.0,False
306,306,372,TDW,37.95,33.05,35.5,37.0,1.5,4.2,300.0,37.0,35.5,50.0,0.0,False
307,307,373,TEG,13.65,11.95,12.8,12.75,-0.05,-0.4,31310.0,12.9,12.55,1390.0,0.0,False
308,308,374,TGG,55.8,48.55,52.2,50.8,-1.4,-2.7,197800.0,54.8,48.55,330.0,1670.0,False
309,309,375,THG,74.3,64.7,69.5,69.1,-0.4,-0.6,3890.0,69.7,69.0,0.0,0.0,False
310,310,376,THI,31.35,27.25,29.3,29.0,-0.3,-1.0,330.0,29.0,28.2,0.0,0.0,False
311,311,377,TIP,43.3,37.7,40.5,40.85,0.35,0.9,7510.0,41.6,40.4,280.0,1000.0,False
312,312,378,TIX,34.55,30.05,32.3,32.25,-0.05,-0.2,480.0,32.7,32.25,400.0,0.0,False
313,313,379,TLD,7.0,6.1,6.55,6.7,0.15,2.3,36630.0,6.79,6.62,70.0,0.0,False
314,314,380,TLG,44.1,38.4,41.25,41.45,0.2,0.5,4270.0,42.0,41.0,20.0,130.0,False
315,315,381,TLH,23.0,20.0,21.5,21.35,-0.15,-0.7,146690.0,22.0,21.3,1000.0,9240.0,False
316,316,382,TMP,47.6,41.4,44.5,44.65,0.15,0.3,380.0,44.65,43.5,0.0,0.0,False
317,317,383,TMS,67.4,58.6,63.0,67.4,4.4,7.0,9630.0,67.4,63.0,100.0,0.0,False
318,318,384,TMT,11.85,10.35,11.1,11.4,0.3,2.7,3870.0,11.45,11.0,0.0,0.0,False
319,319,385,TN1,39.35,34.25,36.8,36.5,-0.3,-0.8,790.0,36.8,35.8,0.0,0.0,False
320,320,386,TNA,16.2,14.1,15.15,14.8,-0.35,-2.3,30270.0,15.35,14.8,0.0,0.0,False
321,321,387,TNC,33.15,28.85,31.0,30.5,-0.5,-1.6,240.0,31.0,30.5,0.0,30.0,False
322,322,388,TNH,42.95,37.35,40.15,42.2,2.05,5.1,90190.0,42.2,40.15,1210.0,1770.0,False
323,323,389,TNI,4.32,3.76,4.04,4.1,0.06,1.5,65370.0,4.11,4.0,3740.0,0.0,False
324,324,390,TNT,10.1,8.8,9.46,9.46,0.0,0.0,12600.0,9.49,9.31,2550.0,0.0,False
325,325,391,TPB,44.25,38.55,41.4,41.6,0.2,0.5,632790.0,41.85,41.1,0.0,0.0,False
326,326,392,TPC,10.1,8.79,9.45,9.45,0.0,0.0,100.0,9.51,9.45,0.0,0.0,False
327,327,393,TRA,94.6,82.4,88.5,89.9,1.4,1.6,1180.0,90.0,88.2,0.0,0.0,False
328,328,394,TRC,43.95,38.25,41.1,41.5,0.4,1.0,250.0,41.5,40.2,0.0,0.0,False
329,329,395,TSC,10.55,9.17,9.86,9.93,0.07,0.7,54870.0,10.0,9.78,0.0,280.0,False
330,330,396,TTA,15.9,13.9,14.9,14.65,-0.25,-1.7,55670.0,15.15,14.65,0.0,2380.0,False
331,331,397,TTB,7.59,6.61,7.1,7.24,0.14,2.0,213290.0,7.48,7.15,0.0,0.0,False
332,332,398,TTE,9.28,8.08,8.68,9.28,0.6,6.9,10.0,9.28,9.28,0.0,0.0,False
333,333,399,TTF,7.55,6.57,7.06,7.24,0.18,2.5,278960.0,7.4,7.06,500.0,4900.0,False
334,334,400,TV2,58.2,50.6,54.4,54.5,0.1,0.2,20220.0,55.5,54.1,10480.0,50.0,False
335,335,401,TVB,22.8,19.9,21.35,21.45,0.1,0.5,16750.0,21.8,21.35,120.0,0.0,False
336,336,402,TVS,35.6,31.0,33.3,33.7,0.4,1.2,2440.0,34.15,33.3,40.0,30.0,False
337,337,403,TVT,30.8,26.8,28.8,28.65,-0.15,-0.5,460.0,29.5,28.65,100.0,0.0,False
338,338,404,TYA,19.9,17.3,18.6,18.6,0.0,0.0,2280.0,18.8,18.6,140.0,0.0,False
339,339,405,UDC,8.12,7.06,7.59,7.25,-0.34,-4.5,3900.0,7.79,7.18,0.0,0.0,False
340,340,406,UIC,66.3,57.7,62.0,62.0,0.0,0.0,2590.0,62.4,60.5,1460.0,10.0,False
341,341,407,VAF,12.8,11.2,12.0,11.8,-0.2,-1.7,110.0,12.0,11.5,0.0,0.0,False
342,342,408,VCA,18.05,15.75,16.9,16.95,0.05,0.3,2780.0,17.0,16.7,10.0,0.0,False
343,343,409,VCB,105.3,91.7,98.5,97.2,-1.3,-1.3,119990.0,98.6,97.1,15080.0,94740.0,False
344,344,410,VCG,43.2,37.6,40.4,40.6,0.2,0.5,45120.0,40.8,40.4,1560.0,2260.0,False
345,345,411,VCI,63.7,55.5,59.6,59.5,-0.1,-0.2,177620.0,60.4,59.2,1760.0,13450.0,False
346,346,412,VDP,40.55,35.25,37.9,37.7,-0.2,-0.5,30.0,38.4,37.7,0.0,0.0,False
347,347,413,VDS,33.9,29.5,31.7,31.8,0.1,0.3,31130.0,32.4,31.6,280.0,190.0,False
348,348,414,VFG,58.2,50.6,54.4,54.6,0.2,0.4,10.0,54.6,54.6,0.0,0.0,False
349,349,415,VGC,35.1,30.6,32.85,33.65,0.8,2.4,59040.0,33.9,32.9,12170.0,200.0,False
350,350,416,VHC,55.4,48.2,51.8,51.7,-0.1,-0.2,135240.0,52.7,51.6,1200.0,1630.0,False
351,351,417,VHM,83.6,72.8,78.2,78.3,0.1,0.1,315110.0,79.4,78.2,79640.0,93640.0,False
352,352,418,VIB,38.45,33.45,35.95,35.35,-0.6,-1.7,204880.0,36.45,35.2,210.0,20.0,False
353,353,419,VIC,92.7,80.7,86.7,88.0,1.3,1.5,340470.0,89.4,86.5,92140.0,62300.0,False
354,354,420,VID,9.9,8.62,9.26,9.0,-0.26,-2.8,4400.0,9.3,8.85,0.0,0.0,False
355,355,421,VIP,12.25,10.65,11.45,11.5,0.05,0.4,120410.0,11.65,11.3,770.0,7530.0,False
356,356,422,VIS,20.15,17.55,18.85,18.6,-0.25,-1.3,2320.0,18.95,18.5,0.0,300.0,False
357,357,423,VIX,18.9,16.5,17.7,17.9,0.2,1.1,101430.0,18.1,17.8,3550.0,0.0,False
358,358,424,VJC,137.4,119.6,128.5,127.9,-0.6,-0.5,76100.0,128.8,126.9,2770.0,1130.0,False
359,359,425,VMD,49.8,43.3,46.55,47.6,1.05,2.3,2950.0,47.9,46.45,220.0,10.0,False
360,360,426,VND,54.3,47.25,50.8,51.0,0.2,0.4,352290.0,51.5,50.4,38330.0,46450.0,False
361,361,427,VNE,9.63,8.37,9.0,9.0,0.0,0.0,38180.0,9.14,8.96,1780.0,0.0,False
362,362,428,VNG,14.0,12.2,13.1,13.15,0.05,0.4,20810.0,13.25,13.0,590.0,20.0,False
363,363,429,VNL,30.7,26.7,28.7,29.4,0.7,2.4,10270.0,29.85,28.7,0.0,0.0,False
364,364,430,VNM,95.8,83.4,89.6,89.6,0.0,0.0,279940.0,90.7,89.6,221220.0,129790.0,False
365,365,431,VOS,24.15,21.05,22.6,22.9,0.3,1.3,152170.0,23.4,22.6,620.0,1560.0,False
366,366,432,VPB,70.6,61.4,66.0,65.9,-0.1,-0.2,684730.0,66.5,65.4,0.0,50.0,False
367,367,433,VPD,17.85,15.55,16.7,16.9,0.2,1.2,2820.0,17.1,16.7,20.0,0.0,False
368,368,434,VPG,61.3,53.3,57.3,57.1,-0.2,-0.3,32000.0,58.0,56.9,0.0,1440.0,False
369,369,435,VPH,8.13,7.07,7.6,7.4,-0.2,-2.6,87720.0,7.6,7.4,10.0,0.0,False
370,370,436,VPI,44.9,39.1,42.0,42.5,0.5,1.2,157810.0,42.8,41.5,1240.0,0.0,False
371,371,437,VPS,16.4,14.3,15.35,15.35,0.0,0.0,160.0,15.4,15.25,0.0,0.0,False
372,372,438,VRC,10.7,9.3,10.0,10.45,0.45,4.5,124980.0,10.65,9.95,740.0,9360.0,False
373,373,439,VRE,30.25,26.35,28.3,29.1,0.8,2.8,566320.0,29.1,28.35,381950.0,279350.0,False
374,374,440,VSC,62.9,54.7,58.8,61.0,2.2,3.7,12870.0,61.5,59.1,2810.0,200.0,False
375,375,441,VSH,29.2,25.4,27.3,27.7,0.4,1.5,5470.0,27.9,27.2,540.0,250.0,False
376,376,442,VSI,23.5,20.5,22.0,20.55,-1.45,-6.6,40.0,21.0,20.55,0.0,0.0,False
377,377,443,VTB,12.8,11.2,12.0,12.0,0.0,0.0,100.0,12.0,12.0,0.0,0.0,False
378,378,444,VTO,13.35,11.65,12.5,12.45,-0.05,-0.4,62790.0,12.65,12.35,3100.0,0.0,False
379,379,445,YBM,8.76,7.62,8.19,8.5,0.31,3.8,1890.0,8.6,8.19,0.0,0.0,False
380,380,446,YEG,16.25,14.15,15.2,15.25,0.05,0.3,9750.0,15.75,15.2,330.0,10.0,False
